degradation_id,model,modality,degradation_type,level,severity,quality_target,accuracy,macro_f1,ece,nll,brier,quality_error_auroc,cross_modal_condition,low_quality_count,low_quality_macro_f1,notes,risk_at_0_5,risk_at_0_7005988023952096,risk_at_0_8008982035928144,risk_at_0_9011976047904192,risk_at_1_0,selective_macro_f1_at_0_5,selective_macro_f1_at_0_7005988023952096,selective_macro_f1_at_0_8008982035928144,selective_macro_f1_at_0_9011976047904192,selective_macro_f1_at_1_0
deg_0001,attention_fusion,imu,noise,clean,0.0,1.0,0.8353293413173652,0.8133573944192882,0.036639691559140555,0.34880876541137695,0.2286321222782135,0.40412186379928317,none,,,,0.023952095808383235,0.0811965811965812,0.102803738317757,0.1345514950166113,0.16467065868263472,0.6441804398243636,0.8796351538119986,0.8665061495250175,0.8373146246179363,0.8133573944192882
deg_0001,confidence_decision_fusion,imu,noise,clean,0.0,1.0,0.8173652694610778,0.7839189205757148,0.0342768498969649,0.3872825503349304,0.2501424551010132,0.40201465201465203,none,,,,0.041916167664670656,0.09401709401709402,0.13457943925233645,0.1511627906976744,0.18263473053892215,0.6282439782439783,0.8560733804277952,0.8121026816506319,0.8009871924765543,0.7839189205757148
deg_0001,fixed_fusion,imu,noise,clean,0.0,1.0,0.8293413173652695,0.8050431669017972,0.04006658940615054,0.35335773229599,0.2313823401927948,0.40342960288808666,none,,,,0.023952095808383235,0.07905982905982906,0.09906542056074766,0.14285714285714285,0.17065868263473055,0.6435551163812033,0.8834556984308284,0.8708233132329518,0.8260090557182233,0.8050431669017972
deg_0001,proxy_decision_fusion,imu,noise,clean,0.0,1.0,0.8083832335329342,0.7692900514710898,0.03230336817081819,0.395290344953537,0.26040974259376526,0.4009259259259259,none,,,,0.05389221556886228,0.09829059829059829,0.1308411214953271,0.1744186046511628,0.19161676646706588,0.6108809374346097,0.8486104014684756,0.814938831904097,0.7729282777617561,0.7692900514710898
deg_0001,proxy_quality_fusion,imu,noise,clean,0.0,1.0,0.8158682634730539,0.7911671642717835,0.02904914881654841,0.3505060374736786,0.23184286057949066,0.40183486238532107,none,,,,0.020958083832335328,0.06837606837606838,0.10654205607476636,0.14119601328903655,0.18413173652694612,0.6464844378826138,0.9009681815922547,0.8611447934430658,0.8288073883814969,0.7911671642717835
deg_0001,quality_fusion,imu,noise,clean,0.0,1.0,0.8308383233532934,0.8059066088625607,0.040010846214380114,0.3507736921310425,0.2287003993988037,0.4036036036036036,none,,,,0.020958083832335328,0.07905982905982906,0.10093457943925234,0.1345514950166113,0.1691616766467066,0.64586145159069,0.8834556984308284,0.868174252115346,0.8355018180376504,0.8059066088625607
deg_0001,quality_regularized_attention_fusion,imu,noise,clean,0.0,1.0,0.7934131736526946,0.7675641081505044,0.03950298831848331,0.3719682991504669,0.2475997507572174,0.3990566037735849,none,,,,0.029940119760479042,0.0811965811965812,0.12149532710280374,0.1744186046511628,0.20658682634730538,0.6370364053290882,0.8825612157794986,0.8413215013504568,0.7900926906515995,0.7675641081505044
deg_0001,posthoc_proxy_fusion,imu,noise,clean,0.0,1.0,0.8293413173652695,0.8050431669017972,0.04010354169828447,0.3530867397785187,0.23122945427894592,0.40342960288808666,none,,,,0.023952095808383235,0.07905982905982906,0.09906542056074766,0.14285714285714285,0.17065868263473055,0.6432852386237514,0.8834556984308284,0.8708233132329518,0.8260090557182233,0.8050431669017972
deg_0002,attention_fusion,imu,noise,mild,0.25,0.75,0.8323353293413174,0.8099406578854218,0.03152396222074588,0.348592072725296,0.22899755835533142,0.4037769784172662,none,,,,0.020958083832335328,0.07264957264957266,0.10654205607476636,0.13953488372093023,0.16766467065868262,0.6473452416773805,0.8929154995331466,0.8616261051032259,0.8315561659236108,0.8099406578854218
deg_0002,confidence_decision_fusion,imu,noise,mild,0.25,0.75,0.8173652694610778,0.7839841110418613,0.04086853675321191,0.3935753405094147,0.25351405143737793,0.40201465201465203,none,,,,0.04491017964071856,0.10042735042735043,0.1308411214953271,0.1511627906976744,0.18263473053892215,0.6258980785296574,0.8477076000416758,0.8178736048214114,0.8002177085296412,0.7839841110418613
deg_0002,fixed_fusion,imu,noise,mild,0.25,0.75,0.8188622754491018,0.7938059751190663,0.036261693044693906,0.35043203830718994,0.230743408203125,0.40219378427787933,none,,,,0.017964071856287425,0.07478632478632478,0.10841121495327102,0.13953488372093023,0.18113772455089822,0.6490233144297416,0.8905912203748217,0.8583518877636523,0.8304416855428145,0.7938059751190663
deg_0002,proxy_decision_fusion,imu,noise,mild,0.25,0.75,0.8233532934131736,0.7894824050387442,0.04133960417287795,0.3889312148094177,0.2535150349140167,0.4027272727272727,none,,,,0.05688622754491018,0.10256410256410256,0.1383177570093458,0.15946843853820597,0.17664670658682635,0.6103714821763603,0.8401994732587177,0.8032262466397424,0.7904408429213575,0.7894824050387442
deg_0002,proxy_quality_fusion,imu,noise,mild,0.25,0.75,0.8353293413173652,0.8073528420253792,0.025944413717635364,0.34871605038642883,0.2256053239107132,0.40412186379928317,none,,,,0.023952095808383235,0.07478632478632478,0.09719626168224299,0.12790697674418605,0.16467065868263472,0.6423884330691757,0.8919969447410644,0.8712905378833442,0.8399773741153863,0.8073528420253792
deg_0002,quality_fusion,imu,noise,mild,0.25,0.75,0.8233532934131736,0.7987800650761098,0.04363652635477261,0.34786418080329895,0.22832150757312775,0.4027272727272727,none,,,,0.017964071856287425,0.07264957264957266,0.10467289719626169,0.132890365448505,0.17664670658682635,0.6490233144297416,0.8941346970987055,0.8628583597876456,0.8379308863179831,0.7987800650761098
deg_0002,quality_regularized_attention_fusion,imu,noise,mild,0.25,0.75,0.7934131736526946,0.7676637424231227,0.039185289405063245,0.36917105317115784,0.24649029970169067,0.3990566037735849,none,,,,0.029940119760479042,0.08333333333333333,0.11962616822429907,0.16611295681063123,0.20658682634730538,0.6370364053290882,0.8775313575313576,0.8439427650940767,0.8005220082243971,0.7676637424231227
deg_0002,posthoc_proxy_fusion,imu,noise,mild,0.25,0.75,0.842814371257485,0.8173109353976958,0.03454014070019752,0.3422805666923523,0.22281573712825775,0.4049733570159858,none,,,,0.017964071856287425,0.07264957264957266,0.09719626168224299,0.12624584717607973,0.15718562874251496,0.6490233144297416,0.8944708927375494,0.8717243532006672,0.8437629203401834,0.8173109353976958
deg_0003,attention_fusion,imu,noise,moderate,0.5,0.5,0.8353293413173652,0.8145329169919334,0.03196698293357553,0.3500731289386749,0.22829262912273407,0.40412186379928317,none,,,,0.023952095808383235,0.07905982905982906,0.10467289719626169,0.13122923588039867,0.16467065868263472,0.6441804398243636,0.8832529788337934,0.8637627993528025,0.8423579475662065,0.8145329169919334
deg_0003,confidence_decision_fusion,imu,noise,moderate,0.5,0.5,0.8203592814371258,0.7897658485718106,0.05849452820902096,0.40655484795570374,0.2594149112701416,0.4023722627737226,none,,,,0.06287425149700598,0.1047008547008547,0.13457943925233645,0.15282392026578073,0.17964071856287425,0.8004826900617976,0.846423842627661,0.8154880059512274,0.8027414226762059,0.7897658485718106
deg_0003,fixed_fusion,imu,noise,moderate,0.5,0.5,0.8248502994011976,0.8017481624218771,0.022961713685960835,0.3552989065647125,0.2316937893629074,0.4029038112522686,none,,,,0.02694610778443114,0.07905982905982906,0.10654205607476636,0.13953488372093023,0.1751497005988024,0.6403580183884573,0.8834556984308284,0.860863959217229,0.8311642921474757,0.8017481624218771
deg_0003,proxy_decision_fusion,imu,noise,moderate,0.5,0.5,0.8293413173652695,0.7973588582924682,0.019954957201809218,0.388435959815979,0.2487926185131073,0.40342960288808666,none,,,,0.04790419161676647,0.10683760683760683,0.1308411214953271,0.1461794019933555,0.17065868263473055,0.8953231856457663,0.8400706253141071,0.8159168096668097,0.8117980179830436,0.7973588582924682
deg_0003,proxy_quality_fusion,imu,noise,moderate,0.5,0.5,0.8308383233532934,0.7987472925597241,0.0367208066100846,0.3640499711036682,0.22840991616249084,0.4036036036036036,none,,,,0.029940119760479042,0.08547008547008547,0.10093457943925234,0.12624584717607973,0.1691616766467066,0.8564618819523119,0.8788066681939295,0.8646879660742844,0.839137335080664,0.7987472925597241
deg_0003,quality_fusion,imu,noise,moderate,0.5,0.5,0.8308383233532934,0.8093041639557014,0.029429564263649347,0.35325074195861816,0.2295232117176056,0.4036036036036036,none,,,,0.023952095808383235,0.07905982905982906,0.102803738317757,0.132890365448505,0.1691616766467066,0.6435551163812033,0.8836334297847444,0.8660662317832767,0.8396476768739544,0.8093041639557014
deg_0003,quality_regularized_attention_fusion,imu,noise,moderate,0.5,0.5,0.812874251497006,0.7903797095037971,0.023625906489923326,0.37268707156181335,0.24591749906539917,0.4014732965009208,none,,,,0.02694610778443114,0.09401709401709402,0.12897196261682242,0.16279069767441862,0.18712574850299402,0.6403508771929824,0.8598925476758414,0.8316336148313237,0.8051627397765353,0.7903797095037971
deg_0003,posthoc_proxy_fusion,imu,noise,moderate,0.5,0.5,0.8368263473053892,0.8080885256581872,0.03462767743778798,0.33935531973838806,0.217905193567276,0.40429338103756707,none,,,,0.020958083832335328,0.07478632478632478,0.09158878504672897,0.11960132890365449,0.1631736526946108,0.64586145159069,0.8915224336532951,0.8784078091061801,0.8496610034298476,0.8080885256581872
deg_0004,attention_fusion,imu,noise,severe,0.75,0.25,0.8218562874251497,0.7996370087345291,0.028589486808120124,0.35734444856643677,0.23420891165733337,0.40725689182776936,none,53,1.0,,0.029940119760479042,0.08547008547008547,0.10841121495327102,0.14950166112956811,0.1781437125748503,0.6393610706383898,0.8739012846517916,0.8596601165547546,0.8205434544640612,0.7996370087345291
deg_0004,confidence_decision_fusion,imu,noise,severe,0.75,0.25,0.812874251497006,0.7818573020408555,0.05432475211020714,0.4325859844684601,0.2729133665561676,0.4014732965009208,none,53,1.0,,0.0748502994011976,0.11324786324786325,0.14392523364485982,0.1644518272425249,0.18712574850299402,0.8251018350473885,0.8399232443431339,0.8085742436529454,0.7875138931162821,0.7818573020408555
deg_0004,fixed_fusion,imu,noise,severe,0.75,0.25,0.8293413173652695,0.8062360103079736,0.0324703400988065,0.366136759519577,0.23593783378601074,0.40829849895496867,none,53,1.0,,0.02694610778443114,0.08333333333333333,0.11588785046728972,0.14451827242524917,0.17065868263473055,0.6412262052797426,0.8797537689720923,0.8497557712809578,0.825498384512252,0.8062360103079736
deg_0004,proxy_decision_fusion,imu,noise,severe,0.75,0.25,0.8293413173652695,0.7968168135296372,0.04256912035321047,0.4046705365180969,0.25208914279937744,0.40342960288808666,none,53,1.0,,0.04491017964071856,0.10897435897435898,0.12710280373831775,0.13953488372093023,0.17065868263473055,0.9085329432979427,0.8423864644428942,0.8302359089788857,0.8222327260088337,0.7968168135296372
deg_0004,proxy_quality_fusion,imu,noise,severe,0.75,0.25,0.8308383233532934,0.7938178020019038,0.04182742982210513,0.38720083236694336,0.23798558115959167,0.4036036036036036,none,53,1.0,,0.03293413173652695,0.0876068376068376,0.10841121495327102,0.1345514950166113,0.1691616766467066,0.9590288574894497,0.8715605104715812,0.8496463403518367,0.8259017987965999,0.7938178020019038
deg_0004,quality_fusion,imu,noise,severe,0.75,0.25,0.8293413173652695,0.805931428352769,0.028909692864218173,0.36479514837265015,0.23419205844402313,0.40829849895496867,none,53,1.0,,0.02694610778443114,0.08333333333333333,0.11401869158878504,0.14451827242524917,0.17065868263473055,0.6412262052797426,0.880190546280652,0.8528095967445485,0.8254740995749396,0.805931428352769
deg_0004,quality_regularized_attention_fusion,imu,noise,severe,0.75,0.25,0.7934131736526946,0.7687756129011967,0.027826186782585634,0.3856664299964905,0.25398561358451843,0.4032608695652174,none,53,1.0,,0.03293413173652695,0.10256410256410256,0.14018691588785046,0.1644518272425249,0.20658682634730538,0.6354750989164208,0.8501890097176302,0.8191058064742275,0.8041051502018094,0.7687756129011967
deg_0004,posthoc_proxy_fusion,imu,noise,severe,0.75,0.25,0.8413173652694611,0.8117766038666655,0.019611992075771627,0.3396782875061035,0.2172618806362152,0.40480427046263345,none,53,1.0,,0.017964071856287425,0.07478632478632478,0.09345794392523364,0.12458471760797342,0.15868263473053892,0.9726004922067268,0.892925950107366,0.8763060788502622,0.8438853906072948,0.8117766038666655
deg_0005,attention_fusion,imu,bias,clean,0.0,1.0,0.8353293413173652,0.8133573944192882,0.036639691559140555,0.34880876541137695,0.2286321222782135,0.40412186379928317,none,,,,0.023952095808383235,0.0811965811965812,0.102803738317757,0.1345514950166113,0.16467065868263472,0.6441804398243636,0.8796351538119986,0.8665061495250175,0.8373146246179363,0.8133573944192882
deg_0005,confidence_decision_fusion,imu,bias,clean,0.0,1.0,0.8173652694610778,0.7839189205757148,0.0342768498969649,0.3872825503349304,0.2501424551010132,0.40201465201465203,none,,,,0.041916167664670656,0.09401709401709402,0.13457943925233645,0.1511627906976744,0.18263473053892215,0.6282439782439783,0.8560733804277952,0.8121026816506319,0.8009871924765543,0.7839189205757148
deg_0005,fixed_fusion,imu,bias,clean,0.0,1.0,0.8293413173652695,0.8050431669017972,0.04006658940615054,0.35335773229599,0.2313823401927948,0.40342960288808666,none,,,,0.023952095808383235,0.07905982905982906,0.09906542056074766,0.14285714285714285,0.17065868263473055,0.6435551163812033,0.8834556984308284,0.8708233132329518,0.8260090557182233,0.8050431669017972
deg_0005,proxy_decision_fusion,imu,bias,clean,0.0,1.0,0.8083832335329342,0.7692900514710898,0.03230336817081819,0.395290344953537,0.26040974259376526,0.4009259259259259,none,,,,0.05389221556886228,0.09829059829059829,0.1308411214953271,0.1744186046511628,0.19161676646706588,0.6108809374346097,0.8486104014684756,0.814938831904097,0.7729282777617561,0.7692900514710898
deg_0005,proxy_quality_fusion,imu,bias,clean,0.0,1.0,0.8158682634730539,0.7911671642717835,0.02904914881654841,0.3505060374736786,0.23184286057949066,0.40183486238532107,none,,,,0.020958083832335328,0.06837606837606838,0.10654205607476636,0.14119601328903655,0.18413173652694612,0.6464844378826138,0.9009681815922547,0.8611447934430658,0.8288073883814969,0.7911671642717835
deg_0005,quality_fusion,imu,bias,clean,0.0,1.0,0.8308383233532934,0.8059066088625607,0.040010846214380114,0.3507736921310425,0.2287003993988037,0.4036036036036036,none,,,,0.020958083832335328,0.07905982905982906,0.10093457943925234,0.1345514950166113,0.1691616766467066,0.64586145159069,0.8834556984308284,0.868174252115346,0.8355018180376504,0.8059066088625607
deg_0005,quality_regularized_attention_fusion,imu,bias,clean,0.0,1.0,0.7934131736526946,0.7675641081505044,0.03950298831848331,0.3719682991504669,0.2475997507572174,0.3990566037735849,none,,,,0.029940119760479042,0.0811965811965812,0.12149532710280374,0.1744186046511628,0.20658682634730538,0.6370364053290882,0.8825612157794986,0.8413215013504568,0.7900926906515995,0.7675641081505044
deg_0005,posthoc_proxy_fusion,imu,bias,clean,0.0,1.0,0.8293413173652695,0.8050431669017972,0.04010354169828447,0.3530867397785187,0.23122945427894592,0.40342960288808666,none,,,,0.023952095808383235,0.07905982905982906,0.09906542056074766,0.14285714285714285,0.17065868263473055,0.6432852386237514,0.8834556984308284,0.8708233132329518,0.8260090557182233,0.8050431669017972
deg_0006,attention_fusion,imu,bias,mild,0.25,0.75,0.8383233532934131,0.8172730957787607,0.040588884207302944,0.35012704133987427,0.229781374335289,0.4044642857142857,none,,,,0.023952095808383235,0.07905982905982906,0.102803738317757,0.1362126245847176,0.16167664670658682,0.6441804398243636,0.88277102611965,0.8665061495250175,0.8356503126024913,0.8172730957787607
deg_0006,confidence_decision_fusion,imu,bias,mild,0.25,0.75,0.8173652694610778,0.7839189205757148,0.03458470605804536,0.3874475955963135,0.25022298097610474,0.40201465201465203,none,,,,0.041916167664670656,0.09401709401709402,0.13457943925233645,0.1511627906976744,0.18263473053892215,0.6282439782439783,0.856530724177783,0.8121026816506319,0.8009871924765543,0.7839189205757148
deg_0006,fixed_fusion,imu,bias,mild,0.25,0.75,0.8263473053892215,0.8019123489096908,0.03701328713736849,0.35423406958580017,0.23233699798583984,0.40307971014492755,none,,,,0.023952095808383235,0.0811965811965812,0.10093457943925234,0.14285714285714285,0.17365269461077845,0.6435551163812033,0.8798623566180601,0.868367013359714,0.8260090557182233,0.8019123489096908
deg_0006,proxy_decision_fusion,imu,bias,mild,0.25,0.75,0.8233532934131736,0.7894824050387442,0.046098146119160584,0.3832119405269623,0.25040343403816223,0.4027272727272727,none,,,,0.05089820359281437,0.10042735042735043,0.13271028037383178,0.16279069767441862,0.17664670658682635,0.6154895834936465,0.8439006787916227,0.8107240277453043,0.7851377110391464,0.7894824050387442
deg_0006,proxy_quality_fusion,imu,bias,mild,0.25,0.75,0.8293413173652695,0.8002634387992044,0.03868680523184245,0.35258927941322327,0.22740626335144043,0.40342960288808666,none,,,,0.023952095808383235,0.07905982905982906,0.09906542056074766,0.12790697674418605,0.17065868263473055,0.6421032757481355,0.8861558149396007,0.8699879609434243,0.8402148231510401,0.8002634387992044
deg_0006,quality_fusion,imu,bias,mild,0.25,0.75,0.8323353293413174,0.8081448359332976,0.03741002850189898,0.3515926003456116,0.22957654297351837,0.4037769784172662,none,,,,0.020958083832335328,0.07692307692307693,0.10467289719626169,0.1345514950166113,0.16766467065868262,0.64586145159069,0.8868526131658389,0.8632672566687165,0.8358359138198547,0.8081448359332976
deg_0006,quality_regularized_attention_fusion,imu,bias,mild,0.25,0.75,0.7919161676646707,0.7661596706270348,0.04076361245737819,0.37314802408218384,0.24872246384620667,0.39886578449905485,none,,,,0.029940119760479042,0.08333333333333333,0.12149532710280374,0.1744186046511628,0.20808383233532934,0.6370364053290882,0.878917685294715,0.8414598684251334,0.7900926906515995,0.7661596706270348
deg_0006,posthoc_proxy_fusion,imu,bias,mild,0.25,0.75,0.8353293413173652,0.8087289512547248,0.04380532893948926,0.34506896138191223,0.22382602095603943,0.40412186379928317,none,,,,0.020958083832335328,0.07478632478632478,0.09158878504672897,0.11960132890365449,0.16467065868263472,0.64586145159069,0.8909235428650478,0.8790148552504929,0.8508347344304455,0.8087289512547248
deg_0007,attention_fusion,imu,bias,moderate,0.5,0.5,0.8383233532934131,0.8179276948929598,0.04086488097192284,0.35143035650253296,0.2309160977602005,0.4044642857142857,none,,,,0.023952095808383235,0.07905982905982906,0.10654205607476636,0.1362126245847176,0.16167664670658682,0.6441804398243636,0.8821840835114307,0.8616261051032259,0.8358924752106814,0.8179276948929598
deg_0007,confidence_decision_fusion,imu,bias,moderate,0.5,0.5,0.8173652694610778,0.7839189205757148,0.03489249293318767,0.38761359453201294,0.25030386447906494,0.40201465201465203,none,,,,0.041916167664670656,0.09401709401709402,0.13457943925233645,0.1511627906976744,0.18263473053892215,0.6282439782439783,0.856530724177783,0.8121026816506319,0.8017732290260028,0.7839189205757148
deg_0007,fixed_fusion,imu,bias,moderate,0.5,0.5,0.8233532934131736,0.7987800650761098,0.03657284503925347,0.3551406264305115,0.23332154750823975,0.4027272727272727,none,,,,0.023952095808383235,0.07905982905982906,0.102803738317757,0.1461794019933555,0.17664670658682635,0.6435551163812033,0.8832529788337934,0.8659087702912404,0.8225205145542728,0.7987800650761098
deg_0007,proxy_decision_fusion,imu,bias,moderate,0.5,0.5,0.8278443113772455,0.7952566453488509,0.051669347116690204,0.3744751214981079,0.24359318614006042,0.40325497287522605,none,,,,0.04491017964071856,0.09401709401709402,0.13271028037383178,0.14950166112956811,0.1721556886227545,0.7181156234484055,0.8543304249170601,0.8103215610961293,0.8003005426506039,0.7952566453488509
deg_0007,proxy_quality_fusion,imu,bias,moderate,0.5,0.5,0.8263473053892215,0.7924338348685901,0.03834795844769051,0.3638859689235687,0.22932228446006775,0.40307971014492755,none,,,,0.03293413173652695,0.07264957264957266,0.09345794392523364,0.12956810631229235,0.17365269461077845,0.6316224360843784,0.8964807986555297,0.8748809734774646,0.8360496613693443,0.7924338348685901
deg_0007,quality_fusion,imu,bias,moderate,0.5,0.5,0.8323353293413174,0.8084675827118454,0.037224304087147754,0.35241949558258057,0.230463907122612,0.4037769784172662,none,,,,0.023952095808383235,0.07692307692307693,0.10467289719626169,0.1345514950166113,0.16766467065868262,0.6435551163812033,0.8868526131658389,0.863448370801312,0.8364653676242538,0.8084675827118454
deg_0007,quality_regularized_attention_fusion,imu,bias,moderate,0.5,0.5,0.7889221556886228,0.7629344931102086,0.04346558763952313,0.3742900788784027,0.24981020390987396,0.3984819734345351,none,,,,0.029940119760479042,0.08333333333333333,0.12149532710280374,0.1744186046511628,0.21107784431137724,0.6370364053290882,0.878917685294715,0.8415804316544095,0.7903238377869024,0.7629344931102086
deg_0007,posthoc_proxy_fusion,imu,bias,moderate,0.5,0.5,0.8413173652694611,0.8141035643172371,0.031841250504562275,0.3396763801574707,0.21903128921985626,0.40480427046263345,none,,,,0.017964071856287425,0.07264957264957266,0.08971962616822429,0.1212624584717608,0.15868263473053892,0.9723020787262273,0.8958456151016624,0.8815703577976232,0.8491692373704575,0.8141035643172371
deg_0008,attention_fusion,imu,bias,severe,0.75,0.25,0.8338323353293413,0.813121134260535,0.03719430126829777,0.3527573347091675,0.23207302391529083,0.40394973070017953,none,53,1.0,,0.023952095808383235,0.07905982905982906,0.10841121495327102,0.1362126245847176,0.1661676646706587,0.6441804398243636,0.8818499710846709,0.8591242091242091,0.8363401080683074,0.813121134260535
deg_0008,confidence_decision_fusion,imu,bias,severe,0.75,0.25,0.8173652694610778,0.7839189205757148,0.03520015854678467,0.38778024911880493,0.25038477778434753,0.40201465201465203,none,53,1.0,,0.041916167664670656,0.09401709401709402,0.13457943925233645,0.1511627906976744,0.18263473053892215,0.6282439782439783,0.856530724177783,0.8128049800532396,0.8017732290260028,0.7839189205757148
deg_0008,fixed_fusion,imu,bias,severe,0.75,0.25,0.8233532934131736,0.7990809076094632,0.0327285434046905,0.3560817837715149,0.23433710634708405,0.4027272727272727,none,53,1.0,,0.023952095808383235,0.07692307692307693,0.10654205607476636,0.14451827242524917,0.17664670658682635,0.6435551163812033,0.8866491099702879,0.8609856015599638,0.8247235914499487,0.7990809076094632
deg_0008,proxy_decision_fusion,imu,bias,severe,0.75,0.25,0.8308383233532934,0.7989239063002177,0.050645987073818344,0.3780779540538788,0.24593567848205566,0.4036036036036036,none,53,1.0,,0.038922155688622756,0.0876068376068376,0.12149532710280374,0.13122923588039867,0.1691616766467066,0.8616933159213103,0.8614819217197937,0.8264709891808661,0.8301297778820432,0.7989239063002177
deg_0008,proxy_quality_fusion,imu,bias,severe,0.75,0.25,0.8308383233532934,0.7938364016087188,0.029440887138515153,0.38483095169067383,0.2382442206144333,0.4036036036036036,none,53,1.0,,0.03293413173652695,0.0876068376068376,0.10841121495327102,0.13953488372093023,0.1691616766467066,0.9614127122910209,0.8728677092715413,0.8513181495620316,0.8190553439601259,0.7938364016087188
deg_0008,quality_fusion,imu,bias,severe,0.75,0.25,0.8338323353293413,0.8106562229711445,0.0392877167748834,0.3532608151435852,0.23136746883392334,0.40394973070017953,none,53,1.0,,0.020958083832335328,0.07478632478632478,0.10467289719626169,0.1345514950166113,0.1661676646706587,0.6460922171353826,0.8902548770466082,0.863448370801312,0.8364653676242538,0.8106562229711445
deg_0008,quality_regularized_attention_fusion,imu,bias,severe,0.75,0.25,0.7889221556886228,0.7631123402947676,0.04221143743056735,0.3754616379737854,0.250922828912735,0.3984819734345351,none,53,1.0,,0.029940119760479042,0.08547008547008547,0.12149532710280374,0.1744186046511628,0.21107784431137724,0.6370364053290882,0.8751871021523673,0.8416832380401381,0.7903238377869024,0.7631123402947676
deg_0008,posthoc_proxy_fusion,imu,bias,severe,0.75,0.25,0.8413173652694611,0.8127430897083547,0.020981723498441473,0.33769211173057556,0.21734391152858734,0.40480427046263345,none,53,1.0,,0.017964071856287425,0.07264957264957266,0.09532710280373832,0.12458471760797342,0.15868263473053892,0.9723020787262273,0.8958456151016624,0.8739913183485157,0.8438853906072948,0.8127430897083547
deg_0009,attention_fusion,imu,rotation,clean,0.0,1.0,0.8353293413173652,0.8133573944192882,0.036639691559140555,0.34880876541137695,0.2286321222782135,0.40412186379928317,none,,,,0.023952095808383235,0.0811965811965812,0.102803738317757,0.1345514950166113,0.16467065868263472,0.6441804398243636,0.8796351538119986,0.8665061495250175,0.8373146246179363,0.8133573944192882
deg_0009,confidence_decision_fusion,imu,rotation,clean,0.0,1.0,0.8173652694610778,0.7839189205757148,0.0342768498969649,0.3872825503349304,0.2501424551010132,0.40201465201465203,none,,,,0.041916167664670656,0.09401709401709402,0.13457943925233645,0.1511627906976744,0.18263473053892215,0.6282439782439783,0.8560733804277952,0.8121026816506319,0.8009871924765543,0.7839189205757148
deg_0009,fixed_fusion,imu,rotation,clean,0.0,1.0,0.8293413173652695,0.8050431669017972,0.04006658940615054,0.35335773229599,0.2313823401927948,0.40342960288808666,none,,,,0.023952095808383235,0.07905982905982906,0.09906542056074766,0.14285714285714285,0.17065868263473055,0.6435551163812033,0.8834556984308284,0.8708233132329518,0.8260090557182233,0.8050431669017972
deg_0009,proxy_decision_fusion,imu,rotation,clean,0.0,1.0,0.8083832335329342,0.7692900514710898,0.03230336817081819,0.395290344953537,0.26040974259376526,0.4009259259259259,none,,,,0.05389221556886228,0.09829059829059829,0.1308411214953271,0.1744186046511628,0.19161676646706588,0.6108809374346097,0.8486104014684756,0.814938831904097,0.7729282777617561,0.7692900514710898
deg_0009,proxy_quality_fusion,imu,rotation,clean,0.0,1.0,0.8158682634730539,0.7911671642717835,0.02904914881654841,0.3505060374736786,0.23184286057949066,0.40183486238532107,none,,,,0.020958083832335328,0.06837606837606838,0.10654205607476636,0.14119601328903655,0.18413173652694612,0.6464844378826138,0.9009681815922547,0.8611447934430658,0.8288073883814969,0.7911671642717835
deg_0009,quality_fusion,imu,rotation,clean,0.0,1.0,0.8308383233532934,0.8059066088625607,0.040010846214380114,0.3507736921310425,0.2287003993988037,0.4036036036036036,none,,,,0.020958083832335328,0.07905982905982906,0.10093457943925234,0.1345514950166113,0.1691616766467066,0.64586145159069,0.8834556984308284,0.868174252115346,0.8355018180376504,0.8059066088625607
deg_0009,quality_regularized_attention_fusion,imu,rotation,clean,0.0,1.0,0.7934131736526946,0.7675641081505044,0.03950298831848331,0.3719682991504669,0.2475997507572174,0.3990566037735849,none,,,,0.029940119760479042,0.0811965811965812,0.12149532710280374,0.1744186046511628,0.20658682634730538,0.6370364053290882,0.8825612157794986,0.8413215013504568,0.7900926906515995,0.7675641081505044
deg_0009,posthoc_proxy_fusion,imu,rotation,clean,0.0,1.0,0.8293413173652695,0.8050431669017972,0.04010354169828447,0.3530867397785187,0.23122945427894592,0.40342960288808666,none,,,,0.023952095808383235,0.07905982905982906,0.09906542056074766,0.14285714285714285,0.17065868263473055,0.6432852386237514,0.8834556984308284,0.8708233132329518,0.8260090557182233,0.8050431669017972
deg_0010,attention_fusion,imu,rotation,mild,0.25,0.75,0.8278443113772455,0.8080087401284654,0.035853008667152096,0.36062049865722656,0.23890827596187592,0.40325497287522605,none,,,,0.023952095808383235,0.0876068376068376,0.11588785046728972,0.1461794019933555,0.1721556886227545,0.6450745183569611,0.8638560654716216,0.8485565520048279,0.8258237290173418,0.8080087401284654
deg_0010,confidence_decision_fusion,imu,rotation,mild,0.25,0.75,0.8158682634730539,0.7835002619300049,0.03595663803423235,0.3875825107097626,0.2503082752227783,0.40183486238532107,none,,,,0.041916167664670656,0.0876068376068376,0.13271028037383178,0.15282392026578073,0.18413173652694612,0.629296266757814,0.8656378751150795,0.8151026883647634,0.8015147662127804,0.7835002619300049
deg_0010,fixed_fusion,imu,rotation,mild,0.25,0.75,0.7979041916167665,0.7739726894409164,0.041307633642308016,0.35989150404930115,0.23984523117542267,0.399624765478424,none,,,,0.017964071856287425,0.07264957264957266,0.11775700934579439,0.1611295681063123,0.20209580838323354,0.6498460981350715,0.894411507789945,0.8465867908098983,0.8072671451278234,0.7739726894409164
deg_0010,proxy_decision_fusion,imu,rotation,mild,0.25,0.75,0.8233532934131736,0.7894824050387442,0.05714219924575553,0.3821756839752197,0.2493615448474884,0.4027272727272727,none,,,,0.04790419161676647,0.08974358974358974,0.12897196261682242,0.15946843853820597,0.17664670658682635,0.6199105956264347,0.8606916150775801,0.8161691736159821,0.7886990691126101,0.7894824050387442
deg_0010,proxy_quality_fusion,imu,rotation,mild,0.25,0.75,0.8323353293413174,0.8077984817115252,0.031995491353337666,0.3538615107536316,0.23057280480861664,0.4037769784172662,none,,,,0.02694610778443114,0.07478632478632478,0.1102803738317757,0.1378737541528239,0.16766467065868262,0.6397325396041699,0.8941211717426635,0.856751714884826,0.8316826117864832,0.8077984817115252
deg_0010,quality_fusion,imu,rotation,mild,0.25,0.75,0.8083832335329342,0.7855031170717446,0.03775772496968689,0.3569626808166504,0.23654690384864807,0.4009259259259259,none,,,,0.020958083832335328,0.07478632478632478,0.11214953271028037,0.1461794019933555,0.19161676646706588,0.6467175405785429,0.8907449068734982,0.8542280159927218,0.825860529619605,0.7855031170717446
deg_0010,quality_regularized_attention_fusion,imu,rotation,mild,0.25,0.75,0.7784431137724551,0.7522660935889774,0.046402873571761365,0.3862055838108063,0.2606607675552368,0.39711538461538465,none,,,,0.029940119760479042,0.09829059829059829,0.14579439252336449,0.19102990033222592,0.2215568862275449,0.6372803226735811,0.8505708093542562,0.8084515001489673,0.7713735126749514,0.7522660935889774
deg_0010,posthoc_proxy_fusion,imu,rotation,mild,0.25,0.75,0.8308383233532934,0.8066081785783311,0.0345662105047774,0.3465617895126343,0.2270820140838623,0.4036036036036036,none,,,,0.017964071856287425,0.07051282051282051,0.10654205607476636,0.132890365448505,0.1691616766467066,0.6496486605182258,0.8976628336585164,0.8604040411047166,0.8377378582555909,0.8066081785783311
deg_0011,attention_fusion,imu,rotation,moderate,0.5,0.5,0.811377245508982,0.7896252726774943,0.04584678191089344,0.3731288015842438,0.24967063963413239,0.40129151291512916,none,,,,0.029940119760479042,0.09401709401709402,0.13457943925233645,0.1644518272425249,0.18862275449101795,0.6406283856988083,0.8461921061879791,0.8164875864875865,0.8018112737498339,0.7896252726774943
deg_0011,confidence_decision_fusion,imu,rotation,moderate,0.5,0.5,0.8203592814371258,0.7895882333853562,0.0426137218039907,0.3879331350326538,0.2505854070186615,0.4023722627737226,none,,,,0.041916167664670656,0.0876068376068376,0.12897196261682242,0.15282392026578073,0.17964071856287425,0.6297986627601232,0.8660766097734673,0.8216927422276576,0.8022384074893075,0.7895882333853562
deg_0011,fixed_fusion,imu,rotation,moderate,0.5,0.5,0.7964071856287425,0.7728163303231429,0.02489713155580853,0.3674904406070709,0.24875809252262115,0.3994360902255639,none,,,,0.017964071856287425,0.09615384615384616,0.14205607476635515,0.17275747508305647,0.20359281437125748,0.6500376303623266,0.8520465035791046,0.8122633138981824,0.7936716639854371,0.7728163303231429
deg_0011,proxy_decision_fusion,imu,rotation,moderate,0.5,0.5,0.8278443113772455,0.7957980852829266,0.028638736662750443,0.3718901574611664,0.24128028750419617,0.40325497287522605,none,,,,0.04491017964071856,0.0811965811965812,0.12897196261682242,0.14451827242524917,0.1721556886227545,0.7187541632910253,0.8726091945804733,0.8157599195137624,0.8105661706190886,0.7957980852829266
deg_0011,proxy_quality_fusion,imu,rotation,moderate,0.5,0.5,0.8278443113772455,0.7972451756675606,0.03306268646331605,0.3613540530204773,0.23008613288402557,0.40325497287522605,none,,,,0.03592814371257485,0.07905982905982906,0.102803738317757,0.1345514950166113,0.1721556886227545,0.6292208798017348,0.8872224145855986,0.8640926344322767,0.8305489813373796,0.7972451756675606
deg_0011,quality_fusion,imu,rotation,moderate,0.5,0.5,0.8023952095808383,0.7796374192393061,0.022497730340786323,0.3642920255661011,0.24534396827220917,0.4001865671641791,none,,,,0.023952095808383235,0.09401709401709402,0.1308411214953271,0.15946843853820597,0.19760479041916168,0.6440705300505322,0.8560290603696675,0.827573392790784,0.8102365097902623,0.7796374192393061
deg_0011,quality_regularized_attention_fusion,imu,rotation,moderate,0.5,0.5,0.7784431137724551,0.7507461343368927,0.07914314075501379,0.40338873863220215,0.27534303069114685,0.39711538461538465,none,,,,0.03293413173652695,0.11965811965811966,0.18317757009345795,0.19435215946843853,0.2215568862275449,0.6359471457471656,0.8064415322795117,0.7447749026325973,0.7632239749697037,0.7507461343368927
deg_0011,posthoc_proxy_fusion,imu,rotation,moderate,0.5,0.5,0.8398203592814372,0.814960325870545,0.03652082240867046,0.338652104139328,0.22066402435302734,0.40463458110516937,none,,,,0.014970059880239521,0.07478632478632478,0.09719626168224299,0.12292358803986711,0.1601796407185629,0.6521510064675532,0.8930363399035127,0.8727824396770334,0.8476751796792045,0.814960325870545
deg_0012,attention_fusion,imu,rotation,severe,0.75,0.25,0.7979041916167665,0.7734321792325556,0.02576898645141166,0.38027721643447876,0.2560022175312042,0.399624765478424,none,53,1.0,,0.029940119760479042,0.10256410256410256,0.14392523364485982,0.16777408637873753,0.20209580838323354,0.6406283856988083,0.8307629081929916,0.8005595730719612,0.7963431139871688,0.7734321792325556
deg_0012,confidence_decision_fusion,imu,rotation,severe,0.75,0.25,0.8188622754491018,0.788048112884296,0.04201941486604201,0.38798823952674866,0.25073403120040894,0.40219378427787933,none,53,1.0,,0.041916167664670656,0.08974358974358974,0.12710280373831775,0.14950166112956811,0.18113772455089822,0.6297986627601232,0.8639908395186832,0.8246257530294733,0.8072188552889475,0.788048112884296
deg_0012,fixed_fusion,imu,rotation,severe,0.75,0.25,0.7829341317365269,0.7570744308999604,0.025698342723046948,0.371497243642807,0.2535494863986969,0.3977055449330784,none,53,1.0,,0.020958083832335328,0.10256410256410256,0.13644859813084112,0.17940199335548174,0.21706586826347304,0.6480106100795756,0.8400535590923761,0.8185643386575244,0.7847595203735597,0.7570744308999604
deg_0012,proxy_decision_fusion,imu,rotation,severe,0.75,0.25,0.8293413173652695,0.7974036173430329,0.050991267322780136,0.37413129210472107,0.24313199520111084,0.40342960288808666,none,53,1.0,,0.03592814371257485,0.0876068376068376,0.1102803738317757,0.132890365448505,0.17065868263473055,0.8541752213693842,0.8617329975622198,0.8455595346582055,0.8276516420850758,0.7974036173430329
deg_0012,proxy_quality_fusion,imu,rotation,severe,0.75,0.25,0.8278443113772455,0.7907868884961884,0.02363410016555273,0.3802356719970703,0.2369755655527115,0.40325497287522605,none,53,1.0,,0.03293413173652695,0.0811965811965812,0.10467289719626169,0.1378737541528239,0.1721556886227545,0.9608483926809144,0.8818925643644745,0.8579380760159917,0.8236297187980833,0.7907868884961884
deg_0012,quality_fusion,imu,rotation,severe,0.75,0.25,0.7904191616766467,0.7656499420433845,0.01904968203541764,0.36694449186325073,0.24917355179786682,0.39867424242424243,none,53,1.0,,0.023952095808383235,0.1047008547008547,0.1308411214953271,0.1644518272425249,0.20958083832335328,0.6440705300505322,0.835999370102486,0.8268315018315019,0.8035479482040078,0.7656499420433845
deg_0012,quality_regularized_attention_fusion,imu,rotation,severe,0.75,0.25,0.7784431137724551,0.7486479139306662,0.08523123573043387,0.41484370827674866,0.2845458388328552,0.39711538461538465,none,53,1.0,,0.038922155688622756,0.12393162393162394,0.19065420560747665,0.2026578073089701,0.2215568862275449,0.6302973342447027,0.7985520832837635,0.7282026252318797,0.7492866651006186,0.7486479139306662
deg_0012,posthoc_proxy_fusion,imu,rotation,severe,0.75,0.25,0.8398203592814372,0.8116673479190287,0.022638440489055157,0.3348146677017212,0.21682234108448029,0.40463458110516937,none,53,1.0,,0.014970059880239521,0.07051282051282051,0.09345794392523364,0.12292358803986711,0.1601796407185629,0.9770437268890814,0.8998228837078209,0.8767406065277111,0.847105227176071,0.8116673479190287
deg_0013,attention_fusion,imu,sample_drop,clean,0.0,1.0,0.8353293413173652,0.8133573944192882,0.036639691559140555,0.34880876541137695,0.2286321222782135,0.40412186379928317,none,,,,0.023952095808383235,0.0811965811965812,0.102803738317757,0.1345514950166113,0.16467065868263472,0.6441804398243636,0.8796351538119986,0.8665061495250175,0.8373146246179363,0.8133573944192882
deg_0013,confidence_decision_fusion,imu,sample_drop,clean,0.0,1.0,0.8173652694610778,0.7839189205757148,0.0342768498969649,0.3872825503349304,0.2501424551010132,0.40201465201465203,none,,,,0.041916167664670656,0.09401709401709402,0.13457943925233645,0.1511627906976744,0.18263473053892215,0.6282439782439783,0.8560733804277952,0.8121026816506319,0.8009871924765543,0.7839189205757148
deg_0013,fixed_fusion,imu,sample_drop,clean,0.0,1.0,0.8293413173652695,0.8050431669017972,0.04006658940615054,0.35335773229599,0.2313823401927948,0.40342960288808666,none,,,,0.023952095808383235,0.07905982905982906,0.09906542056074766,0.14285714285714285,0.17065868263473055,0.6435551163812033,0.8834556984308284,0.8708233132329518,0.8260090557182233,0.8050431669017972
deg_0013,proxy_decision_fusion,imu,sample_drop,clean,0.0,1.0,0.8083832335329342,0.7692900514710898,0.03230336817081819,0.395290344953537,0.26040974259376526,0.4009259259259259,none,,,,0.05389221556886228,0.09829059829059829,0.1308411214953271,0.1744186046511628,0.19161676646706588,0.6108809374346097,0.8486104014684756,0.814938831904097,0.7729282777617561,0.7692900514710898
deg_0013,proxy_quality_fusion,imu,sample_drop,clean,0.0,1.0,0.8158682634730539,0.7911671642717835,0.02904914881654841,0.3505060374736786,0.23184286057949066,0.40183486238532107,none,,,,0.020958083832335328,0.06837606837606838,0.10654205607476636,0.14119601328903655,0.18413173652694612,0.6464844378826138,0.9009681815922547,0.8611447934430658,0.8288073883814969,0.7911671642717835
deg_0013,quality_fusion,imu,sample_drop,clean,0.0,1.0,0.8308383233532934,0.8059066088625607,0.040010846214380114,0.3507736921310425,0.2287003993988037,0.4036036036036036,none,,,,0.020958083832335328,0.07905982905982906,0.10093457943925234,0.1345514950166113,0.1691616766467066,0.64586145159069,0.8834556984308284,0.868174252115346,0.8355018180376504,0.8059066088625607
deg_0013,quality_regularized_attention_fusion,imu,sample_drop,clean,0.0,1.0,0.7934131736526946,0.7675641081505044,0.03950298831848331,0.3719682991504669,0.2475997507572174,0.3990566037735849,none,,,,0.029940119760479042,0.0811965811965812,0.12149532710280374,0.1744186046511628,0.20658682634730538,0.6370364053290882,0.8825612157794986,0.8413215013504568,0.7900926906515995,0.7675641081505044
deg_0013,posthoc_proxy_fusion,imu,sample_drop,clean,0.0,1.0,0.8293413173652695,0.8050431669017972,0.04010354169828447,0.3530867397785187,0.23122945427894592,0.40342960288808666,none,,,,0.023952095808383235,0.07905982905982906,0.09906542056074766,0.14285714285714285,0.17065868263473055,0.6432852386237514,0.8834556984308284,0.8708233132329518,0.8260090557182233,0.8050431669017972
deg_0014,attention_fusion,imu,sample_drop,mild,0.25,0.75,0.8278443113772455,0.8040562103154952,0.03896882996230781,0.3545045554637909,0.23261243104934692,0.4170846764682758,none,24,1.0,,0.023952095808383235,0.07264957264957266,0.10841121495327102,0.13953488372093023,0.1721556886227545,0.6439082249156751,0.8952248952248952,0.8593713140144441,0.8310129841560299,0.8040562103154952
deg_0014,confidence_decision_fusion,imu,sample_drop,mild,0.25,0.75,0.8233532934131736,0.791956755068985,0.019444310870356196,0.3907829821109772,0.2476923167705536,0.4145916795069337,none,24,0.48936170212765956,,0.04790419161676647,0.09615384615384616,0.1252336448598131,0.1461794019933555,0.17664670658682635,0.8883768072105346,0.8555336683650063,0.8288136765412218,0.8123471885275285,0.791956755068985
deg_0014,fixed_fusion,imu,sample_drop,mild,0.25,0.75,0.8203592814371258,0.7924504853105963,0.025170417781361542,0.3515707552433014,0.23087631165981293,0.41000608272506084,none,24,1.0,,0.023952095808383235,0.07264957264957266,0.1102803738317757,0.14285714285714285,0.17964071856287425,0.6435551163812033,0.8949755029709162,0.8548364678587429,0.8233997477797752,0.7924504853105963
deg_0014,proxy_decision_fusion,imu,sample_drop,mild,0.25,0.75,0.8248502994011976,0.7916322229710091,0.044227032158189204,0.4142259657382965,0.2554839253425598,0.4195014503544449,none,24,1.0,,0.04790419161676647,0.1047008547008547,0.12710280373831775,0.15946843853820597,0.1751497005988024,0.8735686274509803,0.8406313815848921,0.8223672161172161,0.7942779187596517,0.7916322229710091
deg_0014,proxy_quality_fusion,imu,sample_drop,mild,0.25,0.75,0.8158682634730539,0.7806905722631766,0.03658818850617211,0.3708862364292145,0.23831544816493988,0.42632207056015514,none,24,1.0,,0.02694610778443114,0.08333333333333333,0.11401869158878504,0.1378737541528239,0.18413173652694612,0.9437613192260033,0.8816252384919249,0.8508098079872677,0.8269350985334255,0.7806905722631766
deg_0014,quality_fusion,imu,sample_drop,mild,0.25,0.75,0.8263473053892215,0.7989683252221123,0.02666569251321748,0.34834930300712585,0.22802917659282684,0.3996361194402798,none,24,1.0,,0.017964071856287425,0.07692307692307693,0.10841121495327102,0.13953488372093023,0.17365269461077845,0.6490233144297416,0.8875112858599098,0.8572675980799772,0.8271521305879839,0.7989683252221123
deg_0014,quality_regularized_attention_fusion,imu,sample_drop,mild,0.25,0.75,0.7934131736526946,0.765734321113174,0.046829413421853566,0.38145118951797485,0.25256192684173584,0.39200847689362867,none,24,1.0,,0.03293413173652695,0.08333333333333333,0.1233644859813084,0.16777408637873753,0.20658682634730538,0.6336830869809684,0.8834016500281789,0.8399000917701245,0.7969062631677196,0.765734321113174
deg_0014,posthoc_proxy_fusion,imu,sample_drop,mild,0.25,0.75,0.8248502994011976,0.794369794414877,0.03423011320793699,0.3446705639362335,0.22425545752048492,0.41420416647276903,none,24,1.0,,0.020958083832335328,0.07692307692307693,0.10093457943925234,0.12790697674418605,0.1751497005988024,0.64586145159069,0.8876227772828766,0.8663211122165076,0.8397630210403951,0.794369794414877
deg_0015,attention_fusion,imu,sample_drop,moderate,0.5,0.5,0.8338323353293413,0.8100365296968017,0.03863046126451319,0.35611894726753235,0.23222783207893372,0.38551927151568083,none,53,1.0,,0.020958083832335328,0.07478632478632478,0.10654205607476636,0.1362126245847176,0.1661676646706587,0.6464844378826138,0.8926644306053054,0.8620111507245398,0.834695579496758,0.8100365296968017
deg_0015,confidence_decision_fusion,imu,sample_drop,moderate,0.5,0.5,0.8278443113772455,0.7976062141336073,0.03783853534988303,0.3839742839336395,0.241960808634758,0.3662001729695731,none,53,1.0,,0.041916167664670656,0.09188034188034189,0.10654205607476636,0.14119601328903655,0.1721556886227545,0.9176866301663514,0.8633130099471353,0.8540537388026687,0.8196041844279657,0.7976062141336073
deg_0015,fixed_fusion,imu,sample_drop,moderate,0.5,0.5,0.8278443113772455,0.7999432897456359,0.033442091129854024,0.34095415472984314,0.22055615484714508,0.38136645962732924,none,53,1.0,,0.023952095808383235,0.0641025641025641,0.09719626168224299,0.12956810631229235,0.1721556886227545,0.6435551163812033,0.9085603772067862,0.8714818376538438,0.8404918150584209,0.7999432897456359
deg_0015,proxy_decision_fusion,imu,sample_drop,moderate,0.5,0.5,0.8278443113772455,0.7952992566337379,0.07530275379826204,0.4349106550216675,0.2541615068912506,0.3864218885132479,none,53,1.0,,0.05389221556886228,0.09188034188034189,0.11214953271028037,0.14451827242524917,0.1721556886227545,0.8934871446458142,0.8586305220935676,0.8431367765042305,0.8100051256130678,0.7952992566337379
deg_0015,proxy_quality_fusion,imu,sample_drop,moderate,0.5,0.5,0.8308383233532934,0.7951179206673492,0.027192640804245067,0.382025808095932,0.236232727766037,0.38598421430279833,none,53,1.0,,0.038922155688622756,0.08333333333333333,0.102803738317757,0.1362126245847176,0.1691616766467066,0.9248197903014418,0.8781964155380747,0.8596237194043553,0.8232482658761605,0.7951179206673492
deg_0015,quality_fusion,imu,sample_drop,moderate,0.5,0.5,0.8293413173652695,0.8012078479011767,0.036209462511682236,0.3388519883155823,0.21897660195827484,0.3836610931661283,none,53,1.0,,0.023952095808383235,0.06623931623931624,0.09532710280373832,0.12624584717607973,0.17065868263473055,0.6435551163812033,0.9051291301219626,0.8749547342276548,0.8442690348359352,0.8012078479011767
deg_0015,quality_regularized_attention_fusion,imu,sample_drop,moderate,0.5,0.5,0.8038922155688623,0.7753138073804392,0.049214106030806795,0.37721070647239685,0.24287422001361847,0.36622741552589305,none,53,1.0,,0.03293413173652695,0.07264957264957266,0.10841121495327102,0.1478405315614618,0.19610778443113772,0.6322294128818314,0.8985135362207438,0.8585786435786437,0.8197062610299589,0.7753138073804392
deg_0015,posthoc_proxy_fusion,imu,sample_drop,moderate,0.5,0.5,0.8383233532934131,0.8093598185005862,0.026795784334936512,0.3369652330875397,0.21670910716056824,0.398057208994709,none,53,1.0,,0.020958083832335328,0.07051282051282051,0.09345794392523364,0.12458471760797342,0.16167664670658682,0.64586145159069,0.8983242888150175,0.8753176767395701,0.8429279132958821,0.8093598185005862
deg_0016,attention_fusion,imu,sample_drop,severe,0.75,0.25,0.8308383233532934,0.8068925832230088,0.04587281531024125,0.36641016602516174,0.23800431191921234,0.4197241489276887,none,90,1.0,,0.023952095808383235,0.08333333333333333,0.10654205607476636,0.14119601328903655,0.1691616766467066,0.6427193281125866,0.8800855614635775,0.8609980849701077,0.8281670538593856,0.8068925832230088
deg_0016,confidence_decision_fusion,imu,sample_drop,severe,0.75,0.25,0.8293413173652695,0.8000188536953242,0.06490673838618272,0.41338273882865906,0.25132501125335693,0.4070080435746406,none,90,0.4943820224719101,,0.03592814371257485,0.09615384615384616,0.11962616822429907,0.1378737541528239,0.17065868263473055,0.9277527556692023,0.8613573956612326,0.8423606444467762,0.8272382288594522,0.8000188536953242
deg_0016,fixed_fusion,imu,sample_drop,severe,0.75,0.25,0.8398203592814372,0.8120830515457507,0.01251174714750872,0.34345686435699463,0.22192473709583282,0.40886601029536707,none,90,1.0,,0.023952095808383235,0.07692307692307693,0.10467289719626169,0.132890365448505,0.1601796407185629,0.6429321571098509,0.8881519531098374,0.8619029406034769,0.8352133634586392,0.8120830515457507
deg_0016,proxy_decision_fusion,imu,sample_drop,severe,0.75,0.25,0.8338323353293413,0.8020153349056206,0.1040694869742422,0.5091354250907898,0.2715687155723572,0.4177786403998254,none,90,1.0,,0.059880239520958084,0.09188034188034189,0.12149532710280374,0.1378737541528239,0.1661676646706587,0.8918756555024943,0.8655781151555799,0.8348865071735013,0.8229373547171678,0.8020153349056206
deg_0016,proxy_quality_fusion,imu,sample_drop,severe,0.75,0.25,0.8263473053892215,0.7864874359351605,0.049223118824159307,0.40921708941459656,0.24980469048023224,0.4134963768115942,none,90,1.0,,0.041916167664670656,0.09615384615384616,0.11401869158878504,0.14285714285714285,0.17365269461077845,0.9167777302788744,0.8552890429007164,0.8374536417656722,0.8123623732006591,0.7864874359351605
deg_0016,quality_fusion,imu,sample_drop,severe,0.75,0.25,0.8383233532934131,0.8109499723929338,0.017869858863111036,0.3406187891960144,0.2199806571006775,0.40995370370370365,none,90,1.0,,0.020958083832335328,0.07264957264957266,0.102803738317757,0.12790697674418605,0.16167664670658682,0.6460922171353826,0.8949755029709162,0.8639776953109796,0.8407566761489075,0.8109499723929338
deg_0016,quality_regularized_attention_fusion,imu,sample_drop,severe,0.75,0.25,0.8038922155688623,0.7732024593417468,0.06245060287371365,0.3960091471672058,0.25341856479644775,0.3977284034855786,none,90,1.0,,0.04491017964071856,0.09401709401709402,0.11401869158878504,0.15614617940199335,0.19610778443113772,0.6186361863618636,0.8694263930394248,0.8508456910203636,0.807490624141478,0.7732024593417468
deg_0016,posthoc_proxy_fusion,imu,sample_drop,severe,0.75,0.25,0.842814371257485,0.8127666293587441,0.011226424200092254,0.33968839049339294,0.21832266449928284,0.41640869491668775,none,90,1.0,,0.020958083832335328,0.07692307692307693,0.09719626168224299,0.12458471760797342,0.15718562874251496,0.9678612176447139,0.8871336143701994,0.8712129328817309,0.8428328435679532,0.8127666293587441
deg_0017,attention_fusion,imu,sampling_rate_mismatch,clean,0.0,1.0,0.8353293413173652,0.8133573944192882,0.036639691559140555,0.34880876541137695,0.2286321222782135,0.40412186379928317,none,,,,0.023952095808383235,0.0811965811965812,0.102803738317757,0.1345514950166113,0.16467065868263472,0.6441804398243636,0.8796351538119986,0.8665061495250175,0.8373146246179363,0.8133573944192882
deg_0017,confidence_decision_fusion,imu,sampling_rate_mismatch,clean,0.0,1.0,0.8173652694610778,0.7839189205757148,0.0342768498969649,0.3872825503349304,0.2501424551010132,0.40201465201465203,none,,,,0.041916167664670656,0.09401709401709402,0.13457943925233645,0.1511627906976744,0.18263473053892215,0.6282439782439783,0.8560733804277952,0.8121026816506319,0.8009871924765543,0.7839189205757148
deg_0017,fixed_fusion,imu,sampling_rate_mismatch,clean,0.0,1.0,0.8293413173652695,0.8050431669017972,0.04006658940615054,0.35335773229599,0.2313823401927948,0.40342960288808666,none,,,,0.023952095808383235,0.07905982905982906,0.09906542056074766,0.14285714285714285,0.17065868263473055,0.6435551163812033,0.8834556984308284,0.8708233132329518,0.8260090557182233,0.8050431669017972
deg_0017,proxy_decision_fusion,imu,sampling_rate_mismatch,clean,0.0,1.0,0.8083832335329342,0.7692900514710898,0.03230336817081819,0.395290344953537,0.26040974259376526,0.4009259259259259,none,,,,0.05389221556886228,0.09829059829059829,0.1308411214953271,0.1744186046511628,0.19161676646706588,0.6108809374346097,0.8486104014684756,0.814938831904097,0.7729282777617561,0.7692900514710898
deg_0017,proxy_quality_fusion,imu,sampling_rate_mismatch,clean,0.0,1.0,0.8158682634730539,0.7911671642717835,0.02904914881654841,0.3505060374736786,0.23184286057949066,0.40183486238532107,none,,,,0.020958083832335328,0.06837606837606838,0.10654205607476636,0.14119601328903655,0.18413173652694612,0.6464844378826138,0.9009681815922547,0.8611447934430658,0.8288073883814969,0.7911671642717835
deg_0017,quality_fusion,imu,sampling_rate_mismatch,clean,0.0,1.0,0.8308383233532934,0.8059066088625607,0.040010846214380114,0.3507736921310425,0.2287003993988037,0.4036036036036036,none,,,,0.020958083832335328,0.07905982905982906,0.10093457943925234,0.1345514950166113,0.1691616766467066,0.64586145159069,0.8834556984308284,0.868174252115346,0.8355018180376504,0.8059066088625607
deg_0017,quality_regularized_attention_fusion,imu,sampling_rate_mismatch,clean,0.0,1.0,0.7934131736526946,0.7675641081505044,0.03950298831848331,0.3719682991504669,0.2475997507572174,0.3990566037735849,none,,,,0.029940119760479042,0.0811965811965812,0.12149532710280374,0.1744186046511628,0.20658682634730538,0.6370364053290882,0.8825612157794986,0.8413215013504568,0.7900926906515995,0.7675641081505044
deg_0017,posthoc_proxy_fusion,imu,sampling_rate_mismatch,clean,0.0,1.0,0.8293413173652695,0.8050431669017972,0.04010354169828447,0.3530867397785187,0.23122945427894592,0.40342960288808666,none,,,,0.023952095808383235,0.07905982905982906,0.09906542056074766,0.14285714285714285,0.17065868263473055,0.6432852386237514,0.8834556984308284,0.8708233132329518,0.8260090557182233,0.8050431669017972
deg_0018,attention_fusion,imu,sampling_rate_mismatch,mild,0.25,0.75,0.8233532934131736,0.8015073451139024,0.035278919838859654,0.3669012486934662,0.2416476160287857,0.4027272727272727,none,,,,0.02694610778443114,0.08974358974358974,0.11214953271028037,0.1461794019933555,0.17664670658682635,0.6400205849558281,0.8668010437663088,0.8548263905259503,0.8243905616640733,0.8015073451139024
deg_0018,confidence_decision_fusion,imu,sampling_rate_mismatch,mild,0.25,0.75,0.6482035928143712,0.5972178052552347,0.062216062165662916,0.7311246991157532,0.4181959331035614,0.37644341801385683,none,,,,0.11077844311377245,0.25854700854700857,0.2822429906542056,0.32558139534883723,0.35179640718562877,0.6645925846387005,0.6250789150492092,0.6534100533647416,0.6181464402478896,0.5972178052552347
deg_0018,fixed_fusion,imu,sampling_rate_mismatch,mild,0.25,0.75,0.8278443113772455,0.8044949793913881,0.03485886172620119,0.33957862854003906,0.2246030867099762,0.40325497287522605,none,,,,0.017964071856287425,0.0641025641025641,0.10467289719626169,0.14119601328903655,0.1721556886227545,0.6509147382073862,0.9069048611453474,0.8639095121672749,0.829098331624336,0.8044949793913881
deg_0018,proxy_decision_fusion,imu,sampling_rate_mismatch,mild,0.25,0.75,0.8083832335329342,0.7708845359509828,0.12615499819467169,0.772601842880249,0.3849999010562897,0.4009259259259259,none,,,,0.08083832335329341,0.10042735042735043,0.12149532710280374,0.14451827242524917,0.19161676646706588,0.7598337935804582,0.8540273500037935,0.8372880597171569,0.814906587355435,0.7708845359509828
deg_0018,proxy_quality_fusion,imu,sampling_rate_mismatch,mild,0.25,0.75,0.8398203592814372,0.814043336431396,0.03526011497496128,0.3344930410385132,0.2189081907272339,0.40463458110516937,none,,,,0.014970059880239521,0.06623931623931624,0.09906542056074766,0.1345514950166113,0.1601796407185629,0.6526181353767561,0.9049842697501148,0.8700945880711011,0.8345022139338213,0.814043336431396
deg_0018,quality_fusion,imu,sampling_rate_mismatch,mild,0.25,0.75,0.844311377245509,0.8213662165349839,0.03611698193464451,0.3315408527851105,0.2175939381122589,0.4051418439716312,none,,,,0.017964071856287425,0.06623931623931624,0.09719626168224299,0.132890365448505,0.15568862275449102,0.6509147382073862,0.9029565574891034,0.8729568794195129,0.8374674595846482,0.8213662165349839
deg_0018,quality_regularized_attention_fusion,imu,sampling_rate_mismatch,mild,0.25,0.75,0.7694610778443114,0.739973725696269,0.047919766453211894,0.4126836359500885,0.2839769721031189,0.3959143968871595,none,,,,0.03293413173652695,0.14316239316239315,0.17943925233644858,0.19933554817275748,0.23053892215568864,0.6373581471369403,0.7455697218542318,0.7475765704500191,0.7546527675730887,0.739973725696269
deg_0018,posthoc_proxy_fusion,imu,sampling_rate_mismatch,mild,0.25,0.75,0.8413173652694611,0.815178700771921,0.024081395504003487,0.3340936601161957,0.21916399896144867,0.40480427046263345,none,,,,0.014970059880239521,0.06623931623931624,0.10467289719626169,0.13122923588039867,0.15868263473053892,0.6527646956218385,0.9041308180272439,0.8626872196916651,0.8386450639137651,0.815178700771921
deg_0019,attention_fusion,imu,sampling_rate_mismatch,moderate,0.5,0.5,0.8308383233532934,0.8023027277122212,0.02570188161498772,0.3450912535190582,0.22355647385120392,0.4036036036036036,none,,,,0.020958083832335328,0.06837606837606838,0.09719626168224299,0.13122923588039867,0.1691616766467066,0.645377488665484,0.9014972100391835,0.8712905378833442,0.8362111611708748,0.8023027277122212
deg_0019,confidence_decision_fusion,imu,sampling_rate_mismatch,moderate,0.5,0.5,0.8338323353293413,0.8076227522842211,0.1546674031697347,0.5180646777153015,0.30231642723083496,0.4206010319116244,none,,,,0.2125748502994012,0.16666666666666666,0.14766355140186915,0.1461794019933555,0.1661676646706587,0.7727041818826619,0.8414026281850187,0.8398740829833544,0.8285424241496573,0.8076227522842211
deg_0019,fixed_fusion,imu,sampling_rate_mismatch,moderate,0.5,0.5,0.8278443113772455,0.7939934188896846,0.029612553824564652,0.357107937335968,0.22854728996753693,0.40325497287522605,none,,,,0.023952095808383235,0.0811965811965812,0.09719626168224299,0.13122923588039867,0.1721556886227545,0.9613425925925926,0.8824621573889834,0.8694043810231115,0.8337386579826851,0.7939934188896846
deg_0019,proxy_decision_fusion,imu,sampling_rate_mismatch,moderate,0.5,0.5,0.8338323353293413,0.8031880213463425,0.1699131640666973,0.5480053424835205,0.3240644335746765,0.41562747666876926,none,,,,0.2245508982035928,0.19230769230769232,0.17570093457943925,0.16943521594684385,0.1661676646706587,0.7538204510834848,0.8201020037202466,0.8165091220067052,0.8117389495662497,0.8031880213463425
deg_0019,proxy_quality_fusion,imu,sampling_rate_mismatch,moderate,0.5,0.5,0.8248502994011976,0.784248564248188,0.035363142986497446,0.39735499024391174,0.24470771849155426,0.4029038112522686,none,,,,0.041916167664670656,0.09188034188034189,0.11214953271028037,0.13953488372093023,0.1751497005988024,0.8836098208360982,0.8683936179449638,0.8437055570060497,0.817585589254448,0.784248564248188
deg_0019,quality_fusion,imu,sampling_rate_mismatch,moderate,0.5,0.5,0.8278443113772455,0.7945463741505842,0.03153501134254263,0.3556711673736572,0.22676372528076172,0.40325497287522605,none,,,,0.02694610778443114,0.07478632478632478,0.08785046728971962,0.12956810631229235,0.1721556886227545,0.9562489993741541,0.8914954427697386,0.8805856267452046,0.8359318061648827,0.7945463741505842
deg_0019,quality_regularized_attention_fusion,imu,sampling_rate_mismatch,moderate,0.5,0.5,0.8143712574850299,0.7765989384610865,0.030181720317480794,0.39206454157829285,0.25246936082839966,0.4016544117647059,none,,,,0.038922155688622756,0.09829059829059829,0.1252336448598131,0.15780730897009967,0.18562874251497005,0.6241261657441808,0.8604585719179759,0.831109535655365,0.7976668995344717,0.7765989384610865
deg_0019,posthoc_proxy_fusion,imu,sampling_rate_mismatch,moderate,0.5,0.5,0.8368263473053892,0.8049375455555406,0.019511792563392714,0.34654471278190613,0.2216254621744156,0.40429338103756707,none,,,,0.017964071856287425,0.07905982905982906,0.09719626168224299,0.12790697674418605,0.1631736526946108,0.9719939627704175,0.8862982688360868,0.8700895827246994,0.8373920493551621,0.8049375455555406
deg_0020,attention_fusion,imu,sampling_rate_mismatch,severe,0.75,0.25,0.8308383233532934,0.8023027277122212,0.02570188161498772,0.3450912535190582,0.22355647385120392,0.4036036036036036,none,53,1.0,,0.020958083832335328,0.06837606837606838,0.09719626168224299,0.13122923588039867,0.1691616766467066,0.645377488665484,0.9014972100391835,0.8712905378833442,0.8362111611708748,0.8023027277122212
deg_0020,confidence_decision_fusion,imu,sampling_rate_mismatch,severe,0.75,0.25,0.8338323353293413,0.8076227522842211,0.1546674031697347,0.5180646777153015,0.30231642723083496,0.4206010319116244,none,53,0.49038461538461536,,0.2125748502994012,0.16666666666666666,0.14766355140186915,0.1461794019933555,0.1661676646706587,0.7727041818826619,0.8414026281850187,0.8398740829833544,0.8285424241496573,0.8076227522842211
deg_0020,fixed_fusion,imu,sampling_rate_mismatch,severe,0.75,0.25,0.8278443113772455,0.7939934188896846,0.029612553824564652,0.357107937335968,0.22854728996753693,0.40325497287522605,none,53,1.0,,0.023952095808383235,0.0811965811965812,0.09719626168224299,0.13122923588039867,0.1721556886227545,0.9613425925925926,0.8824621573889834,0.8694043810231115,0.8337386579826851,0.7939934188896846
deg_0020,proxy_decision_fusion,imu,sampling_rate_mismatch,severe,0.75,0.25,0.8338323353293413,0.8027999744713511,0.13276426021210447,0.48318201303482056,0.2817671000957489,0.40394973070017953,none,53,1.0,,0.2215568862275449,0.16025641025641027,0.15700934579439252,0.15614617940199335,0.1661676646706587,0.8364107939579638,0.8365259334128684,0.8262971309425752,0.816004864024935,0.8027999744713511
deg_0020,proxy_quality_fusion,imu,sampling_rate_mismatch,severe,0.75,0.25,0.8278443113772455,0.7879855341326616,0.04804822079792707,0.4067128300666809,0.2486162930727005,0.40325497287522605,none,53,1.0,,0.041916167664670656,0.09188034188034189,0.11588785046728972,0.14119601328903655,0.1721556886227545,0.9147786520049294,0.8644417975288216,0.8374072502023172,0.8141984680005104,0.7879855341326616
deg_0020,quality_fusion,imu,sampling_rate_mismatch,severe,0.75,0.25,0.8278443113772455,0.7945463741505842,0.03153501134254263,0.3556711673736572,0.22676372528076172,0.40325497287522605,none,53,1.0,,0.02694610778443114,0.07478632478632478,0.08785046728971962,0.12956810631229235,0.1721556886227545,0.9562489993741541,0.8914954427697386,0.8805856267452046,0.8359318061648827,0.7945463741505842
deg_0020,quality_regularized_attention_fusion,imu,sampling_rate_mismatch,severe,0.75,0.25,0.8143712574850299,0.7765989384610865,0.030181720317480794,0.39206454157829285,0.25246936082839966,0.4016544117647059,none,53,1.0,,0.038922155688622756,0.09829059829059829,0.1252336448598131,0.15780730897009967,0.18562874251497005,0.6241261657441808,0.8604585719179759,0.831109535655365,0.7976668995344717,0.7765989384610865
deg_0020,posthoc_proxy_fusion,imu,sampling_rate_mismatch,severe,0.75,0.25,0.8413173652694611,0.8107153018760055,0.011163448323746621,0.3427170515060425,0.21966466307640076,0.40480427046263345,none,53,1.0,,0.020958083832335328,0.0811965811965812,0.09719626168224299,0.12624584717607973,0.15868263473053892,0.9671421544515494,0.882135655680712,0.8701339807446157,0.8400366960585924,0.8107153018760055
deg_0021,attention_fusion,imu,clipping,clean,0.0,1.0,0.8353293413173652,0.8133573944192882,0.036639691559140555,0.34880876541137695,0.2286321222782135,0.40412186379928317,none,,,,0.023952095808383235,0.0811965811965812,0.102803738317757,0.1345514950166113,0.16467065868263472,0.6441804398243636,0.8796351538119986,0.8665061495250175,0.8373146246179363,0.8133573944192882
deg_0021,confidence_decision_fusion,imu,clipping,clean,0.0,1.0,0.8173652694610778,0.7839189205757148,0.0342768498969649,0.3872825503349304,0.2501424551010132,0.40201465201465203,none,,,,0.041916167664670656,0.09401709401709402,0.13457943925233645,0.1511627906976744,0.18263473053892215,0.6282439782439783,0.8560733804277952,0.8121026816506319,0.8009871924765543,0.7839189205757148
deg_0021,fixed_fusion,imu,clipping,clean,0.0,1.0,0.8293413173652695,0.8050431669017972,0.04006658940615054,0.35335773229599,0.2313823401927948,0.40342960288808666,none,,,,0.023952095808383235,0.07905982905982906,0.09906542056074766,0.14285714285714285,0.17065868263473055,0.6435551163812033,0.8834556984308284,0.8708233132329518,0.8260090557182233,0.8050431669017972
deg_0021,proxy_decision_fusion,imu,clipping,clean,0.0,1.0,0.8083832335329342,0.7692900514710898,0.03230336817081819,0.395290344953537,0.26040974259376526,0.4009259259259259,none,,,,0.05389221556886228,0.09829059829059829,0.1308411214953271,0.1744186046511628,0.19161676646706588,0.6108809374346097,0.8486104014684756,0.814938831904097,0.7729282777617561,0.7692900514710898
deg_0021,proxy_quality_fusion,imu,clipping,clean,0.0,1.0,0.8158682634730539,0.7911671642717835,0.02904914881654841,0.3505060374736786,0.23184286057949066,0.40183486238532107,none,,,,0.020958083832335328,0.06837606837606838,0.10654205607476636,0.14119601328903655,0.18413173652694612,0.6464844378826138,0.9009681815922547,0.8611447934430658,0.8288073883814969,0.7911671642717835
deg_0021,quality_fusion,imu,clipping,clean,0.0,1.0,0.8308383233532934,0.8059066088625607,0.040010846214380114,0.3507736921310425,0.2287003993988037,0.4036036036036036,none,,,,0.020958083832335328,0.07905982905982906,0.10093457943925234,0.1345514950166113,0.1691616766467066,0.64586145159069,0.8834556984308284,0.868174252115346,0.8355018180376504,0.8059066088625607
deg_0021,quality_regularized_attention_fusion,imu,clipping,clean,0.0,1.0,0.7934131736526946,0.7675641081505044,0.03950298831848331,0.3719682991504669,0.2475997507572174,0.3990566037735849,none,,,,0.029940119760479042,0.0811965811965812,0.12149532710280374,0.1744186046511628,0.20658682634730538,0.6370364053290882,0.8825612157794986,0.8413215013504568,0.7900926906515995,0.7675641081505044
deg_0021,posthoc_proxy_fusion,imu,clipping,clean,0.0,1.0,0.8293413173652695,0.8050431669017972,0.04010354169828447,0.3530867397785187,0.23122945427894592,0.40342960288808666,none,,,,0.023952095808383235,0.07905982905982906,0.09906542056074766,0.14285714285714285,0.17065868263473055,0.6432852386237514,0.8834556984308284,0.8708233132329518,0.8260090557182233,0.8050431669017972
deg_0022,attention_fusion,imu,clipping,mild,0.25,0.75,0.8188622754491018,0.7848222054814373,0.047109860146117045,0.3964812159538269,0.25621965527534485,0.40219378427787933,none,,,,0.038922155688622756,0.09401709401709402,0.14018691588785046,0.15614617940199335,0.18113772455089822,0.9322525798488416,0.8546959776245157,0.8047624961209903,0.7989656518345042,0.7848222054814373
deg_0022,confidence_decision_fusion,imu,clipping,mild,0.25,0.75,0.8233532934131736,0.783917400550024,0.09077035336794254,0.45391571521759033,0.28419992327690125,0.40828967642526964,none,,,,0.11077844311377245,0.1581196581196581,0.17009345794392525,0.15946843853820597,0.17664670658682635,0.7629841977668064,0.7868866672416598,0.7956350853238233,0.8023099248329407,0.783917400550024
deg_0022,fixed_fusion,imu,clipping,mild,0.25,0.75,0.7724550898203593,0.7356088149756813,0.04277673609064011,0.4565306305885315,0.29588788747787476,0.3963178294573643,none,,,,0.041916167664670656,0.1452991452991453,0.16635514018691588,0.1877076411960133,0.2275449101796407,0.8773288439955107,0.7883769614874266,0.7801716616498714,0.7678327988397405,0.7356088149756813
deg_0022,proxy_decision_fusion,imu,clipping,mild,0.25,0.75,0.8323353293413174,0.7986781276505481,0.061065690067713854,0.42219990491867065,0.26911672949790955,0.4037769784172662,none,,,,0.0748502994011976,0.14316239316239315,0.15700934579439252,0.15946843853820597,0.16766467065868262,0.8343297076121504,0.7967072540396724,0.802211782864115,0.7945992833763564,0.7986781276505481
deg_0022,proxy_quality_fusion,imu,clipping,mild,0.25,0.75,0.7724550898203593,0.7271549459895633,0.06816284715415477,0.4676121175289154,0.30275800824165344,0.3963178294573643,none,,,,0.0658682634730539,0.12179487179487179,0.15700934579439252,0.19601328903654486,0.2275449101796407,0.8205982465188241,0.8172889142604944,0.7803603056003375,0.7458015977231751,0.7271549459895633
deg_0022,quality_fusion,imu,clipping,mild,0.25,0.75,0.7919161676646707,0.7628345414890266,0.035187281534343404,0.4042377173900604,0.2647220492362976,0.39886578449905485,none,,,,0.017964071856287425,0.1047008547008547,0.14766355140186915,0.16279069767441862,0.20808383233532934,0.9145930685358256,0.8456446602598312,0.8072415337861562,0.8030872747594285,0.7628345414890266
deg_0022,quality_regularized_attention_fusion,imu,clipping,mild,0.25,0.75,0.7679640718562875,0.7184334754241268,0.07589629176491036,0.46002599596977234,0.30513203144073486,0.3957115009746589,none,,,,0.05688622754491018,0.1517094017094017,0.17009345794392525,0.19601328903654486,0.23203592814371257,0.8837299130646432,0.7693742065721838,0.7600917669630874,0.7385381488147189,0.7184334754241268
deg_0022,posthoc_proxy_fusion,imu,clipping,mild,0.25,0.75,0.7889221556886228,0.7528304871980024,0.03202483388121256,0.42161378264427185,0.278584361076355,0.3984819734345351,none,,,,0.03592814371257485,0.11752136752136752,0.14953271028037382,0.1744186046511628,0.21107784431137724,0.8647359138587208,0.8276503252419483,0.8010302194771449,0.7828563797313798,0.7528304871980024
deg_0023,attention_fusion,imu,clipping,moderate,0.5,0.5,0.8203592814371258,0.7891274115997052,0.051398310609563375,0.3980213701725006,0.25726670026779175,0.4023722627737226,none,,,,0.038922155688622756,0.09829059829059829,0.14205607476635515,0.15946843853820597,0.17964071856287425,0.9322525798488416,0.8497434867055119,0.8030705089247343,0.7979041185970646,0.7891274115997052
deg_0023,confidence_decision_fusion,imu,clipping,moderate,0.5,0.5,0.8233532934131736,0.7829339706906611,0.04160666024078154,0.3965992331504822,0.2560841739177704,0.4027272727272727,none,,,,0.04491017964071856,0.11538461538461539,0.14018691588785046,0.15614617940199335,0.17664670658682635,0.8401904578375167,0.7688333700650887,0.7793872107047588,0.7946113252599805,0.7829339706906611
deg_0023,fixed_fusion,imu,clipping,moderate,0.5,0.5,0.7844311377245509,0.7529227374046027,0.03938228164068955,0.46501487493515015,0.2962401211261749,0.3979007633587786,none,,,,0.04790419161676647,0.13034188034188035,0.16448598130841122,0.18106312292358803,0.2155688622754491,0.8924329638615353,0.8160387531092339,0.7856635224189171,0.7783679160135839,0.7529227374046027
deg_0023,proxy_decision_fusion,imu,clipping,moderate,0.5,0.5,0.8338323353293413,0.8008146908760406,0.04956814441495313,0.38334348797798157,0.24980995059013367,0.40394973070017953,none,,,,0.038922155688622756,0.1047008547008547,0.12897196261682242,0.15614617940199335,0.1661676646706587,0.8780226322797616,0.8122258833041288,0.8105124561902056,0.791473567488323,0.8008146908760406
deg_0023,proxy_quality_fusion,imu,clipping,moderate,0.5,0.5,0.781437125748503,0.7379692468044977,0.060818561536823204,0.4470396637916565,0.28381168842315674,0.3975095785440613,none,,,,0.05688622754491018,0.1111111111111111,0.14018691588785046,0.17275747508305647,0.218562874251497,0.8205377765243053,0.8357471092338221,0.8017547429588506,0.7731279017183225,0.7379692468044977
deg_0023,quality_fusion,imu,clipping,moderate,0.5,0.5,0.8053892215568862,0.7808330136279024,0.01673371889098674,0.3954002261161804,0.25659477710723877,0.40055762081784385,none,,,,0.014970059880239521,0.09829059829059829,0.13271028037383178,0.1644518272425249,0.19461077844311378,0.9767910499617816,0.8542734155249826,0.8283604896887528,0.8029266557497161,0.7808330136279024
deg_0023,quality_regularized_attention_fusion,imu,clipping,moderate,0.5,0.5,0.7694610778443114,0.7215306049387396,0.06983986407696843,0.45611488819122314,0.30112224817276,0.3959143968871595,none,,,,0.05688622754491018,0.14743589743589744,0.16448598130841122,0.19269102990033224,0.23053892215568864,0.8931464044951606,0.7802043549217967,0.7675885657334419,0.7441391980066306,0.7215306049387396
deg_0023,posthoc_proxy_fusion,imu,clipping,moderate,0.5,0.5,0.7949101796407185,0.760893323977167,0.03478173724191633,0.3914962708950043,0.2585814595222473,0.3992467043314501,none,,,,0.02694610778443114,0.09615384615384616,0.12897196261682242,0.15946843853820597,0.20508982035928144,0.904004817825956,0.8627315414974217,0.8285365301595533,0.8008252488917956,0.760893323977167
deg_0024,attention_fusion,imu,clipping,severe,0.75,0.25,0.8218562874251497,0.7907538291104865,0.05368236965405012,0.4064280688762665,0.2619853615760803,0.4025500910746812,none,53,1.0,,0.04491017964071856,0.12179487179487179,0.14205607476635515,0.15282392026578073,0.1781437125748503,0.922402357882847,0.8185284868780015,0.810145604050342,0.8111223178741788,0.7907538291104865
deg_0024,confidence_decision_fusion,imu,clipping,severe,0.75,0.25,0.8173652694610778,0.7729555873264834,0.03542292501755103,0.3700712323188782,0.24534757435321808,0.40201465201465203,none,53,1.0,,0.017964071856287425,0.10042735042735043,0.1233644859813084,0.1511627906976744,0.18263473053892215,0.9211123819206168,0.7693138426218756,0.7676917128119825,0.7831563480408564,0.7729555873264834
deg_0024,fixed_fusion,imu,clipping,severe,0.75,0.25,0.7874251497005988,0.7590625254564863,0.05434206922254162,0.48879775404930115,0.3119828402996063,0.3982889733840304,none,53,1.0,,0.0658682634730539,0.16666666666666666,0.18317757009345795,0.1893687707641196,0.2125748502994012,0.5943024750883961,0.7606402235377501,0.7670232293325975,0.7749402705443544,0.7590625254564863
deg_0024,proxy_decision_fusion,imu,clipping,severe,0.75,0.25,0.8353293413173652,0.8029430193064924,0.07147658709994335,0.389415979385376,0.25323569774627686,0.40412186379928317,none,53,1.0,,0.02694610778443114,0.09188034188034189,0.11775700934579439,0.1345514950166113,0.16467065868263472,0.9022969526595199,0.8336609263255031,0.8166365320175796,0.8224095592516645,0.8029430193064924
deg_0024,proxy_quality_fusion,imu,clipping,severe,0.75,0.25,0.8188622754491018,0.7767684831945041,0.04557891890495838,0.4323265254497528,0.26452210545539856,0.40219378427787933,none,53,1.0,,0.059880239520958084,0.10256410256410256,0.13644859813084112,0.16279069767441862,0.18113772455089822,0.8474703091233247,0.8471024738855458,0.8056482925902007,0.782443324280318,0.7767684831945041
deg_0024,quality_fusion,imu,clipping,severe,0.75,0.25,0.8053892215568862,0.7824306961149995,0.026179404315834265,0.406416654586792,0.2635940611362457,0.40055762081784385,none,53,1.0,,0.020958083832335328,0.12606837606837606,0.14953271028037382,0.16279069767441862,0.19461077844311378,0.9671421544515494,0.8038319038817625,0.8054783295543686,0.8066789151487074,0.7824306961149995
deg_0024,quality_regularized_attention_fusion,imu,clipping,severe,0.75,0.25,0.7919161676646707,0.7556507485450293,0.08326311962690182,0.461681067943573,0.3025888204574585,0.39886578449905485,none,53,1.0,,0.059880239520958084,0.16880341880341881,0.18504672897196262,0.19102990033222592,0.20808383233532934,0.9138922315817622,0.7548375610740393,0.7511293168615412,0.7581776377587895,0.7556507485450293
deg_0024,posthoc_proxy_fusion,imu,clipping,severe,0.75,0.25,0.8368263473053892,0.8059313095000403,0.03642384868539022,0.3611060380935669,0.234171524643898,0.40429338103756707,none,53,1.0,,0.029940119760479042,0.08333333333333333,0.1102803738317757,0.1461794019933555,0.1631736526946108,0.6346663537051707,0.8778470348122999,0.8527191456689057,0.8169538155702262,0.8059313095000403
deg_0025,attention_fusion,audio,noise,clean,0.0,1.0,0.8353293413173652,0.8133573944192882,0.036639691559140555,0.34880876541137695,0.2286321222782135,0.40412186379928317,none,,,,0.023952095808383235,0.0811965811965812,0.102803738317757,0.1345514950166113,0.16467065868263472,0.6441804398243636,0.8796351538119986,0.8665061495250175,0.8373146246179363,0.8133573944192882
deg_0025,confidence_decision_fusion,audio,noise,clean,0.0,1.0,0.8173652694610778,0.7839189205757148,0.0342768498969649,0.3872825503349304,0.2501424551010132,0.40201465201465203,none,,,,0.041916167664670656,0.09401709401709402,0.13457943925233645,0.1511627906976744,0.18263473053892215,0.6282439782439783,0.8560733804277952,0.8121026816506319,0.8009871924765543,0.7839189205757148
deg_0025,fixed_fusion,audio,noise,clean,0.0,1.0,0.8293413173652695,0.8050431669017972,0.04006658940615054,0.35335773229599,0.2313823401927948,0.40342960288808666,none,,,,0.023952095808383235,0.07905982905982906,0.09906542056074766,0.14285714285714285,0.17065868263473055,0.6435551163812033,0.8834556984308284,0.8708233132329518,0.8260090557182233,0.8050431669017972
deg_0025,proxy_decision_fusion,audio,noise,clean,0.0,1.0,0.8083832335329342,0.7692900514710898,0.03230336817081819,0.395290344953537,0.26040974259376526,0.4009259259259259,none,,,,0.05389221556886228,0.09829059829059829,0.1308411214953271,0.1744186046511628,0.19161676646706588,0.6108809374346097,0.8486104014684756,0.814938831904097,0.7729282777617561,0.7692900514710898
deg_0025,proxy_quality_fusion,audio,noise,clean,0.0,1.0,0.8158682634730539,0.7911671642717835,0.02904914881654841,0.3505060374736786,0.23184286057949066,0.40183486238532107,none,,,,0.020958083832335328,0.06837606837606838,0.10654205607476636,0.14119601328903655,0.18413173652694612,0.6464844378826138,0.9009681815922547,0.8611447934430658,0.8288073883814969,0.7911671642717835
deg_0025,quality_fusion,audio,noise,clean,0.0,1.0,0.8308383233532934,0.8059066088625607,0.040010846214380114,0.3507736921310425,0.2287003993988037,0.4036036036036036,none,,,,0.020958083832335328,0.07905982905982906,0.10093457943925234,0.1345514950166113,0.1691616766467066,0.64586145159069,0.8834556984308284,0.868174252115346,0.8355018180376504,0.8059066088625607
deg_0025,quality_regularized_attention_fusion,audio,noise,clean,0.0,1.0,0.7934131736526946,0.7675641081505044,0.03950298831848331,0.3719682991504669,0.2475997507572174,0.3990566037735849,none,,,,0.029940119760479042,0.0811965811965812,0.12149532710280374,0.1744186046511628,0.20658682634730538,0.6370364053290882,0.8825612157794986,0.8413215013504568,0.7900926906515995,0.7675641081505044
deg_0025,posthoc_proxy_fusion,audio,noise,clean,0.0,1.0,0.8293413173652695,0.8050431669017972,0.04010354169828447,0.3530867397785187,0.23122945427894592,0.40342960288808666,none,,,,0.023952095808383235,0.07905982905982906,0.09906542056074766,0.14285714285714285,0.17065868263473055,0.6432852386237514,0.8834556984308284,0.8708233132329518,0.8260090557182233,0.8050431669017972
deg_0026,attention_fusion,audio,noise,mild,0.25,0.75,0.75,0.7242828692866902,0.08700171813458026,0.5424084663391113,0.3409527838230133,0.4055183047079494,none,,,,0.08383233532934131,0.17094017094017094,0.1925233644859813,0.21926910299003322,0.25,0.7123400471299631,0.7499365875625319,0.7569965368046665,0.7448925072744155,0.7242828692866902
deg_0026,confidence_decision_fusion,audio,noise,mild,0.25,0.75,0.7634730538922155,0.7367237053798942,0.05842089706552245,0.4828419089317322,0.31922656297683716,0.40787416232315715,none,,,,0.11077844311377245,0.1794871794871795,0.18317757009345795,0.20930232558139536,0.23652694610778444,0.5819244134752156,0.7449142919586845,0.7674673469194017,0.7538266119197382,0.7367237053798942
deg_0026,fixed_fusion,audio,noise,mild,0.25,0.75,0.7380239520958084,0.7098823038646048,0.0972310262704324,0.5724380612373352,0.35561102628707886,0.39566502463054193,none,,,,0.08083832335329341,0.1752136752136752,0.21121495327102804,0.23421926910299004,0.2619760479041916,0.647157853040206,0.742262266403385,0.7297381499888732,0.7260465564976476,0.7098823038646048
deg_0026,proxy_decision_fusion,audio,noise,mild,0.25,0.75,0.75,0.7138474750175843,0.05153401396767107,0.4824826419353485,0.3234494626522064,0.3968888570165059,none,,,,0.09281437125748503,0.1752136752136752,0.2,0.23588039867109634,0.25,0.5842526153028436,0.7413580246913579,0.7406313705120638,0.7183288199262091,0.7138474750175843
deg_0026,proxy_quality_fusion,audio,noise,mild,0.25,0.75,0.718562874251497,0.6886248549525386,0.1047112175269041,0.5559651255607605,0.36266693472862244,0.3965425531914894,none,,,,0.08383233532934131,0.19017094017094016,0.22803738317757008,0.2574750830564784,0.281437125748503,0.6434788681979694,0.7099821107539167,0.7013204762463937,0.6942303934546096,0.6886248549525386
deg_0026,quality_fusion,audio,noise,mild,0.25,0.75,0.7275449101796407,0.6976673750684651,0.104244391629082,0.5684579014778137,0.35428208112716675,0.3939990051101162,none,,,,0.0748502994011976,0.1752136752136752,0.21121495327102804,0.23255813953488372,0.27245508982035926,0.654842784985175,0.7396821810702687,0.7282329992662374,0.7271169362192134,0.6976673750684651
deg_0026,quality_regularized_attention_fusion,audio,noise,mild,0.25,0.75,0.7395209580838323,0.7108849974364212,0.10338724484879097,0.5552541613578796,0.3531041741371155,0.40010005118898045,none,,,,0.09281437125748503,0.1752136752136752,0.205607476635514,0.22425249169435216,0.26047904191616766,0.6704951933825173,0.7449736639807286,0.7368837453157768,0.7373213264722699,0.7108849974364212
deg_0026,posthoc_proxy_fusion,audio,noise,mild,0.25,0.75,0.7260479041916168,0.6948480614739783,0.11045974296724012,0.5793205499649048,0.3650854825973511,0.39375809813531637,none,,,,0.08083832335329341,0.1794871794871795,0.22429906542056074,0.24584717607973422,0.27395209580838326,0.6469215534314993,0.7280253122340992,0.7082368148793386,0.7102743344612191,0.6948480614739783
deg_0027,attention_fusion,audio,noise,moderate,0.5,0.5,0.6706586826347305,0.6443102546015306,0.1813028789387492,0.8672558665275574,0.4792109429836273,0.41107954545454545,none,,,,0.19760479041916168,0.25427350427350426,0.2841121495327103,0.30398671096345514,0.32934131736526945,0.5732582613082483,0.6636762063974831,0.6609231098289727,0.6590275254471241,0.6443102546015306
deg_0027,confidence_decision_fusion,audio,noise,moderate,0.5,0.5,0.7035928143712575,0.6798817068323011,0.07648652667057015,0.596295952796936,0.39312615990638733,0.4112937889533634,none,,,,0.17964071856287425,0.21367521367521367,0.24485981308411214,0.2757475083056478,0.2964071856287425,0.5486905669972031,0.722453891449721,0.7102863724781533,0.6912446665473583,0.6798817068323011
deg_0027,fixed_fusion,audio,noise,moderate,0.5,0.5,0.6676646706586826,0.6385443817338589,0.17930478500034996,0.8590835332870483,0.47076988220214844,0.400284813961944,none,,,,0.17365269461077845,0.23717948717948717,0.27850467289719627,0.3023255813953488,0.3323353293413174,0.6086946500919446,0.6800642530880082,0.6675343415615523,0.6579078709313054,0.6385443817338589
deg_0027,proxy_decision_fusion,audio,noise,moderate,0.5,0.5,0.6961077844311377,0.6560868020956191,0.07164903074324487,0.5750836730003357,0.38203805685043335,0.3920228825679326,none,,,,0.1497005988023952,0.23931623931623933,0.24299065420560748,0.26744186046511625,0.30389221556886226,0.5444121807758172,0.6095648443474531,0.681353299082641,0.6806865710162452,0.6560868020956191
deg_0027,proxy_quality_fusion,audio,noise,moderate,0.5,0.5,0.6482035928143712,0.6141496799132267,0.18440572283938972,0.821199357509613,0.4861610531806946,0.4027025698982851,none,,,,0.20059880239520958,0.2692307692307692,0.297196261682243,0.32558139534883723,0.35179640718562877,0.5665038875674145,0.6169370795409577,0.6300140600947844,0.6211445559271646,0.6141496799132267
deg_0027,quality_fusion,audio,noise,moderate,0.5,0.5,0.6661676646706587,0.6348594496309535,0.17936573391724486,0.8472352027893066,0.465912789106369,0.3999697687307906,none,,,,0.17365269461077845,0.23717948717948717,0.26542056074766357,0.2973421926910299,0.3338323353293413,0.6094454589713348,0.683600348172359,0.68091581395205,0.6629756261749277,0.6348594496309535
deg_0027,quality_regularized_attention_fusion,audio,noise,moderate,0.5,0.5,0.688622754491018,0.6632758435465084,0.16797094546749206,0.8377307057380676,0.46378085017204285,0.4011496655518394,none,,,,0.17664670658682635,0.24145299145299146,0.2616822429906542,0.29401993355481726,0.31137724550898205,0.6308304914717436,0.683357147924077,0.6851757694262438,0.6693901336758481,0.6632758435465084
deg_0027,posthoc_proxy_fusion,audio,noise,moderate,0.5,0.5,0.657185628742515,0.6174184509760557,0.18133230444913853,0.8293577432632446,0.4744742512702942,0.3980662681163024,none,,,,0.16167664670658682,0.24572649572649571,0.2822429906542056,0.3122923588039867,0.34281437125748504,0.5790386984410177,0.6490924092409242,0.6430029237943494,0.635331898317808,0.6174184509760557
deg_0028,attention_fusion,audio,noise,severe,0.75,0.25,0.5868263473053892,0.566644067306319,0.2558391659024233,1.1707741022109985,0.6039103269577026,0.4530464359656906,none,107,0.42162162162162165,,0.2994011976047904,0.33547008547008544,0.36822429906542054,0.3920265780730897,0.41317365269461076,0.5329805357520239,0.6121194051617881,0.5926360308434665,0.577353313829868,0.566644067306319
deg_0028,confidence_decision_fusion,audio,noise,severe,0.75,0.25,0.6332335329341318,0.605127116946083,0.11661601209354969,0.6794118285179138,0.44877853989601135,0.42186519998070154,none,107,0.4623115577889447,,0.20958083832335328,0.2606837606837607,0.29906542056074764,0.34219269102990035,0.36676646706586824,0.5581883910573279,0.6813598019304417,0.6610059572926864,0.6229136312192791,0.605127116946083
deg_0028,fixed_fusion,audio,noise,severe,0.75,0.25,0.6047904191616766,0.5825324483996298,0.23659482326157794,1.179479718208313,0.5982610583305359,0.45212646264626466,none,107,0.28520499108734404,,0.2754491017964072,0.3311965811965812,0.3644859813084112,0.38704318936877075,0.39520958083832336,0.5561172563949178,0.6066641759664754,0.588641342113665,0.5756867287722672,0.5825324483996298
deg_0028,proxy_decision_fusion,audio,noise,severe,0.75,0.25,0.6392215568862275,0.555542122315419,0.10029363542973638,0.6264957785606384,0.4166896641254425,0.38444420690526393,none,107,0.4928909952606635,,0.17065868263473055,0.28846153846153844,0.308411214953271,0.3289036544850498,0.36077844311377244,0.5049285505978419,0.4842357239598097,0.50516872200993,0.5544770857814335,0.555542122315419
deg_0028,proxy_quality_fusion,audio,noise,severe,0.75,0.25,0.47305389221556887,0.435028483501954,0.32544977556981014,1.3140289783477783,0.739592969417572,0.4417973245109322,none,107,0.2636534839924671,,0.4221556886227545,0.4893162393162393,0.508411214953271,0.5166112956810631,0.5269461077844312,0.4387584182371165,0.4310635478017453,0.4284860274690783,0.4363225696217623,0.435028483501954
deg_0028,quality_fusion,audio,noise,severe,0.75,0.25,0.6092814371257484,0.5855398329981067,0.23492190902104632,1.167224407196045,0.5915641784667969,0.4502998296101744,none,107,0.28723404255319146,,0.27245508982035926,0.3311965811965812,0.35887850467289717,0.38205980066445183,0.3907185628742515,0.5497318007662836,0.6049480204030281,0.591999646950219,0.5815293296535878,0.5855398329981067
deg_0028,quality_regularized_attention_fusion,audio,noise,severe,0.75,0.25,0.6047904191616766,0.5822734548906204,0.2384509883241025,1.1350901126861572,0.5825886726379395,0.43960021002100214,none,107,0.4397905759162304,,0.2754491017964072,0.3162393162393162,0.3514018691588785,0.3787375415282392,0.39520958083832336,0.5858913876352542,0.6336675699167785,0.609384650662065,0.589584162260534,0.5822734548906204
deg_0028,posthoc_proxy_fusion,audio,noise,severe,0.75,0.25,0.5958083832335329,0.5502054505089479,0.2225503636869841,1.0461701154708862,0.5854464769363403,0.4401730876605249,none,107,0.2912280701754386,,0.2694610778443114,0.3418803418803419,0.3663551401869159,0.39368770764119604,0.4041916167664671,0.5320335973130067,0.5405907000450418,0.5388052501114904,0.5418500088740394,0.5502054505089479
deg_0029,attention_fusion,audio,clipping,clean,0.0,1.0,0.8353293413173652,0.8133573944192882,0.036639691559140555,0.34880876541137695,0.2286321222782135,0.40412186379928317,none,,,,0.023952095808383235,0.0811965811965812,0.102803738317757,0.1345514950166113,0.16467065868263472,0.6441804398243636,0.8796351538119986,0.8665061495250175,0.8373146246179363,0.8133573944192882
deg_0029,confidence_decision_fusion,audio,clipping,clean,0.0,1.0,0.8173652694610778,0.7839189205757148,0.0342768498969649,0.3872825503349304,0.2501424551010132,0.40201465201465203,none,,,,0.041916167664670656,0.09401709401709402,0.13457943925233645,0.1511627906976744,0.18263473053892215,0.6282439782439783,0.8560733804277952,0.8121026816506319,0.8009871924765543,0.7839189205757148
deg_0029,fixed_fusion,audio,clipping,clean,0.0,1.0,0.8293413173652695,0.8050431669017972,0.04006658940615054,0.35335773229599,0.2313823401927948,0.40342960288808666,none,,,,0.023952095808383235,0.07905982905982906,0.09906542056074766,0.14285714285714285,0.17065868263473055,0.6435551163812033,0.8834556984308284,0.8708233132329518,0.8260090557182233,0.8050431669017972
deg_0029,proxy_decision_fusion,audio,clipping,clean,0.0,1.0,0.8083832335329342,0.7692900514710898,0.03230336817081819,0.395290344953537,0.26040974259376526,0.4009259259259259,none,,,,0.05389221556886228,0.09829059829059829,0.1308411214953271,0.1744186046511628,0.19161676646706588,0.6108809374346097,0.8486104014684756,0.814938831904097,0.7729282777617561,0.7692900514710898
deg_0029,proxy_quality_fusion,audio,clipping,clean,0.0,1.0,0.8158682634730539,0.7911671642717835,0.02904914881654841,0.3505060374736786,0.23184286057949066,0.40183486238532107,none,,,,0.020958083832335328,0.06837606837606838,0.10654205607476636,0.14119601328903655,0.18413173652694612,0.6464844378826138,0.9009681815922547,0.8611447934430658,0.8288073883814969,0.7911671642717835
deg_0029,quality_fusion,audio,clipping,clean,0.0,1.0,0.8308383233532934,0.8059066088625607,0.040010846214380114,0.3507736921310425,0.2287003993988037,0.4036036036036036,none,,,,0.020958083832335328,0.07905982905982906,0.10093457943925234,0.1345514950166113,0.1691616766467066,0.64586145159069,0.8834556984308284,0.868174252115346,0.8355018180376504,0.8059066088625607
deg_0029,quality_regularized_attention_fusion,audio,clipping,clean,0.0,1.0,0.7934131736526946,0.7675641081505044,0.03950298831848331,0.3719682991504669,0.2475997507572174,0.3990566037735849,none,,,,0.029940119760479042,0.0811965811965812,0.12149532710280374,0.1744186046511628,0.20658682634730538,0.6370364053290882,0.8825612157794986,0.8413215013504568,0.7900926906515995,0.7675641081505044
deg_0029,posthoc_proxy_fusion,audio,clipping,clean,0.0,1.0,0.8293413173652695,0.8050431669017972,0.04010354169828447,0.3530867397785187,0.23122945427894592,0.40342960288808666,none,,,,0.023952095808383235,0.07905982905982906,0.09906542056074766,0.14285714285714285,0.17065868263473055,0.6432852386237514,0.8834556984308284,0.8708233132329518,0.8260090557182233,0.8050431669017972
deg_0030,attention_fusion,audio,clipping,mild,0.25,0.75,0.8233532934131736,0.8037321594842757,0.027348067321463238,0.35755324363708496,0.23886190354824066,0.42806625577812013,none,,,,0.023952095808383235,0.08974358974358974,0.11962616822429907,0.1478405315614618,0.17664670658682635,0.6475497188201925,0.8725911807540953,0.8499662809880507,0.8261270570997455,0.8037321594842757
deg_0030,confidence_decision_fusion,audio,clipping,mild,0.25,0.75,0.8143712574850299,0.7803019611419472,0.02259061597064583,0.4007126986980438,0.26009300351142883,0.4016544117647059,none,,,,0.05089820359281437,0.10042735042735043,0.14205607476635515,0.15946843853820597,0.18562874251497005,0.6163395755305867,0.8489158444252602,0.8029855172537642,0.7889737777729494,0.7803019611419472
deg_0030,fixed_fusion,audio,clipping,mild,0.25,0.75,0.8203592814371258,0.7974300957398509,0.023319839538928282,0.3555435240268707,0.23781117796897888,0.42270377128953773,none,,,,0.014970059880239521,0.08547008547008547,0.11401869158878504,0.15282392026578073,0.17964071856287425,0.6542120997853944,0.8805669980273191,0.8554317624949596,0.8184328242940241,0.7974300957398509
deg_0030,proxy_decision_fusion,audio,clipping,mild,0.25,0.75,0.7799401197604791,0.7315867912336304,0.07552800175850975,0.431151807308197,0.2851564288139343,0.39731285988483683,none,,,,0.0718562874251497,0.12179487179487179,0.14953271028037382,0.2026578073089701,0.22005988023952097,0.5866910866910867,0.8171600171600172,0.7912665408595797,0.7422067211540896,0.7315867912336304
deg_0030,proxy_quality_fusion,audio,clipping,mild,0.25,0.75,0.7934131736526946,0.7735558567819919,0.022465281010030973,0.3670985996723175,0.25060728192329407,0.4173366147115121,none,,,,0.017964071856287425,0.08974358974358974,0.14205607476635515,0.17940199335548174,0.20658682634730538,0.653683746139787,0.86705763332629,0.818526976097287,0.7907277952081905,0.7735558567819919
deg_0030,quality_fusion,audio,clipping,mild,0.25,0.75,0.8233532934131736,0.8008449732515492,0.026306977439783295,0.3517962694168091,0.23410660028457642,0.4233281972265023,none,,,,0.014970059880239521,0.08333333333333333,0.11214953271028037,0.13953488372093023,0.17664670658682635,0.6542120997853944,0.884372327248944,0.8576203436538631,0.8339346592969781,0.8008449732515492
deg_0030,quality_regularized_attention_fusion,audio,clipping,mild,0.25,0.75,0.7874251497005988,0.764882930029548,0.02859673448308496,0.3641679286956787,0.24712257087230682,0.41547287527446036,none,,,,0.023952095808383235,0.0811965811965812,0.12710280373831775,0.17940199335548174,0.2125748502994012,0.647153983422558,0.8853160718013724,0.838588887636274,0.7892461507623508,0.764882930029548
deg_0030,posthoc_proxy_fusion,audio,clipping,mild,0.25,0.75,0.7904191616766467,0.7679233716654731,0.03556370583479989,0.36678963899612427,0.24854429066181183,0.41676136363636357,none,,,,0.014970059880239521,0.08333333333333333,0.1252336448598131,0.16943521594684385,0.20958083832335328,0.6542120997853944,0.8854996021563893,0.8423731285886674,0.8010163549883543,0.7679233716654731
deg_0031,attention_fusion,audio,clipping,moderate,0.5,0.5,0.6601796407185628,0.6661540353510708,0.15108174790522297,0.7753154039382935,0.5048505663871765,0.5588520283296873,none,,,,0.33532934131736525,0.31837606837606836,0.33084112149532713,0.33554817275747506,0.3398203592814371,0.5670960317754927,0.7063992961499848,0.6847901720810236,0.6733897399684702,0.6661540353510708
deg_0031,confidence_decision_fusion,audio,clipping,moderate,0.5,0.5,0.781437125748503,0.7513888976149753,0.04251407720371637,0.45569637417793274,0.29805994033813477,0.4457172098882066,none,,,,0.08982035928143713,0.1517094017094017,0.17009345794392525,0.18106312292358803,0.218562874251497,0.8609129788732012,0.8099649603035864,0.7937533227006911,0.7847821569859605,0.7513888976149753
deg_0031,fixed_fusion,audio,clipping,moderate,0.5,0.5,0.6766467065868264,0.679201198302322,0.10553976063599843,0.6237443685531616,0.42369338870048523,0.5492666338905277,none,,,,0.26047904191616766,0.26495726495726496,0.27289719626168224,0.292358803986711,0.32335329341317365,0.706583457882564,0.7475060429583235,0.7324793114435058,0.7091822603929471,0.679201198302322
deg_0031,proxy_decision_fusion,audio,clipping,moderate,0.5,0.5,0.7470059880239521,0.7146250004206268,0.07089735036660097,0.4905983805656433,0.33062848448753357,0.42050965836999443,none,,,,0.1437125748502994,0.16880341880341881,0.18878504672897195,0.21428571428571427,0.25299401197604793,0.5366155793661558,0.7743982184845866,0.764064683076116,0.7465004675174981,0.7146250004206268
deg_0031,proxy_quality_fusion,audio,clipping,moderate,0.5,0.5,0.5703592814371258,0.572461766907212,0.2069225512043445,0.9036484956741333,0.5844201445579529,0.5306318417514884,none,,,,0.38323353293413176,0.4358974358974359,0.42990654205607476,0.420265780730897,0.4296407185628742,0.42156023511955715,0.4809535981044884,0.5499077643304741,0.5745667915190843,0.572461766907212
deg_0031,quality_fusion,audio,clipping,moderate,0.5,0.5,0.6781437125748503,0.6808347186316949,0.12053715834717549,0.6243413090705872,0.4232109785079956,0.549935828327943,none,,,,0.26047904191616766,0.26495726495726496,0.2616822429906542,0.292358803986711,0.3218562874251497,0.6762434028870015,0.7485787285647824,0.7435545030702203,0.7094703860925814,0.6808347186316949
deg_0031,quality_regularized_attention_fusion,audio,clipping,moderate,0.5,0.5,0.6152694610778443,0.6248217684082699,0.1533627820586016,0.738172173500061,0.5008295774459839,0.5374194098099916,none,,,,0.3323353293413174,0.31196581196581197,0.3383177570093458,0.3704318936877076,0.3847305389221557,0.646103246103246,0.7128909541953021,0.6759725973179362,0.639875912785631,0.6248217684082699
deg_0031,posthoc_proxy_fusion,audio,clipping,moderate,0.5,0.5,0.6362275449101796,0.6420553640937658,0.10507615597662098,0.6489457488059998,0.446088582277298,0.5325877511498427,none,,,,0.26646706586826346,0.3055555555555556,0.3233644859813084,0.34717607973421927,0.36377245508982037,0.577396190662877,0.6906613290601347,0.6751945234048726,0.6548159439731879,0.6420553640937658
deg_0032,attention_fusion,audio,clipping,severe,0.75,0.25,0.5464071856287425,0.5511075017034729,0.2865294140880693,1.0915244817733765,0.7106327414512634,0.5799267597992677,none,107,0.2302158273381295,,0.5449101796407185,0.49572649572649574,0.4822429906542056,0.4634551495016611,0.4535928143712575,0.30277777777777776,0.5244291132090696,0.5364304555584029,0.548221712520114,0.5511075017034729
deg_0032,confidence_decision_fusion,audio,clipping,severe,0.75,0.25,0.75,0.7294502549607375,0.07667294430161661,0.5383775234222412,0.35668960213661194,0.4650698602794411,none,107,0.45408163265306123,,0.16766467065868262,0.20085470085470086,0.20934579439252338,0.21926910299003322,0.25,0.8227513227513228,0.785831432917694,0.7729987502361438,0.7604602350775947,0.7294502549607375
deg_0032,fixed_fusion,audio,clipping,severe,0.75,0.25,0.5673652694610778,0.5768546473513008,0.21663167671172207,0.8500393629074097,0.5970990061759949,0.5661958714884371,none,107,0.2671232876712329,,0.47305389221556887,0.4551282051282051,0.4542056074766355,0.43853820598006643,0.43263473053892215,0.36678312886277314,0.5567826077380218,0.5638914114118626,0.575862644889879,0.5768546473513008
deg_0032,proxy_decision_fusion,audio,clipping,severe,0.75,0.25,0.6781437125748503,0.6205558569463575,0.03479272921285232,0.5694740414619446,0.38411423563957214,0.3921864572103291,none,107,0.4928909952606635,,0.16467065868263472,0.23931623931623933,0.27850467289719627,0.29401993355481726,0.3218562874251497,0.5192834467120182,0.519131636076574,0.5581215495424018,0.6174716372152093,0.6205558569463575
deg_0032,proxy_quality_fusion,audio,clipping,severe,0.75,0.25,0.33532934131736525,0.23447978539950184,0.5077773090786563,1.7533174753189087,0.986768364906311,0.5331805019305019,none,107,0.19548872180451127,,0.6227544910179641,0.6602564102564102,0.6448598130841121,0.6495016611295681,0.6646706586826348,0.21565030647398328,0.2148620073148375,0.22836800648185318,0.2271224363731984,0.23447978539950184
deg_0032,quality_fusion,audio,clipping,severe,0.75,0.25,0.5733532934131736,0.5821995922247518,0.22529553956614282,0.8497052192687988,0.5957133173942566,0.5683844074939307,none,107,0.2671232876712329,,0.47904191616766467,0.45726495726495725,0.44485981308411215,0.4269102990033223,0.42664670658682635,0.3622934849599395,0.5559359009675998,0.5752514619883041,0.5877102685075166,0.5821995922247518
deg_0032,quality_regularized_attention_fusion,audio,clipping,severe,0.75,0.25,0.5044910179640718,0.5101134533070572,0.26680144114408666,1.022022008895874,0.6975343227386475,0.565815306552395,none,107,0.2302158273381295,,0.5419161676646707,0.49572649572649574,0.491588785046729,0.49667774086378735,0.49550898203592814,0.30601225997645437,0.5227712822158418,0.5213838905476647,0.511088579015616,0.5101134533070572
deg_0032,posthoc_proxy_fusion,audio,clipping,severe,0.75,0.25,0.47754491017964074,0.4271058397060659,0.27937375000137055,0.9340670704841614,0.647892415523529,0.5212923624147812,none,107,0.2913907284768212,,0.44011976047904194,0.49572649572649574,0.5009345794392523,0.5182724252491694,0.5224550898203593,0.41220151208922823,0.3839375784901076,0.38370427342210256,0.3850512201267137,0.4271058397060659
deg_0033,attention_fusion,audio,gain_shift,clean,0.0,1.0,0.8353293413173652,0.8133573944192882,0.036639691559140555,0.34880876541137695,0.2286321222782135,0.40412186379928317,none,,,,0.023952095808383235,0.0811965811965812,0.102803738317757,0.1345514950166113,0.16467065868263472,0.6441804398243636,0.8796351538119986,0.8665061495250175,0.8373146246179363,0.8133573944192882
deg_0033,confidence_decision_fusion,audio,gain_shift,clean,0.0,1.0,0.8173652694610778,0.7839189205757148,0.0342768498969649,0.3872825503349304,0.2501424551010132,0.40201465201465203,none,,,,0.041916167664670656,0.09401709401709402,0.13457943925233645,0.1511627906976744,0.18263473053892215,0.6282439782439783,0.8560733804277952,0.8121026816506319,0.8009871924765543,0.7839189205757148
deg_0033,fixed_fusion,audio,gain_shift,clean,0.0,1.0,0.8293413173652695,0.8050431669017972,0.04006658940615054,0.35335773229599,0.2313823401927948,0.40342960288808666,none,,,,0.023952095808383235,0.07905982905982906,0.09906542056074766,0.14285714285714285,0.17065868263473055,0.6435551163812033,0.8834556984308284,0.8708233132329518,0.8260090557182233,0.8050431669017972
deg_0033,proxy_decision_fusion,audio,gain_shift,clean,0.0,1.0,0.8083832335329342,0.7692900514710898,0.03230336817081819,0.395290344953537,0.26040974259376526,0.4009259259259259,none,,,,0.05389221556886228,0.09829059829059829,0.1308411214953271,0.1744186046511628,0.19161676646706588,0.6108809374346097,0.8486104014684756,0.814938831904097,0.7729282777617561,0.7692900514710898
deg_0033,proxy_quality_fusion,audio,gain_shift,clean,0.0,1.0,0.8158682634730539,0.7911671642717835,0.02904914881654841,0.3505060374736786,0.23184286057949066,0.40183486238532107,none,,,,0.020958083832335328,0.06837606837606838,0.10654205607476636,0.14119601328903655,0.18413173652694612,0.6464844378826138,0.9009681815922547,0.8611447934430658,0.8288073883814969,0.7911671642717835
deg_0033,quality_fusion,audio,gain_shift,clean,0.0,1.0,0.8308383233532934,0.8059066088625607,0.040010846214380114,0.3507736921310425,0.2287003993988037,0.4036036036036036,none,,,,0.020958083832335328,0.07905982905982906,0.10093457943925234,0.1345514950166113,0.1691616766467066,0.64586145159069,0.8834556984308284,0.868174252115346,0.8355018180376504,0.8059066088625607
deg_0033,quality_regularized_attention_fusion,audio,gain_shift,clean,0.0,1.0,0.7934131736526946,0.7675641081505044,0.03950298831848331,0.3719682991504669,0.2475997507572174,0.3990566037735849,none,,,,0.029940119760479042,0.0811965811965812,0.12149532710280374,0.1744186046511628,0.20658682634730538,0.6370364053290882,0.8825612157794986,0.8413215013504568,0.7900926906515995,0.7675641081505044
deg_0033,posthoc_proxy_fusion,audio,gain_shift,clean,0.0,1.0,0.8293413173652695,0.8050431669017972,0.04010354169828447,0.3530867397785187,0.23122945427894592,0.40342960288808666,none,,,,0.023952095808383235,0.07905982905982906,0.09906542056074766,0.14285714285714285,0.17065868263473055,0.6432852386237514,0.8834556984308284,0.8708233132329518,0.8260090557182233,0.8050431669017972
deg_0034,attention_fusion,audio,gain_shift,mild,0.25,0.75,0.8353293413173652,0.8133573944192882,0.03663979675955401,0.34880879521369934,0.2286321371793747,0.40412186379928317,none,,,,0.023952095808383235,0.0811965811965812,0.102803738317757,0.1345514950166113,0.16467065868263472,0.6441804398243636,0.8796351538119986,0.8665061495250175,0.8373146246179363,0.8133573944192882
deg_0034,confidence_decision_fusion,audio,gain_shift,mild,0.25,0.75,0.8173652694610778,0.7839189205757148,0.03427728399366675,0.38728249073028564,0.2501424252986908,0.40201465201465203,none,,,,0.041916167664670656,0.09401709401709402,0.13457943925233645,0.1511627906976744,0.18263473053892215,0.6282439782439783,0.8560733804277952,0.8121026816506319,0.8009871924765543,0.7839189205757148
deg_0034,fixed_fusion,audio,gain_shift,mild,0.25,0.75,0.8293413173652695,0.8050431669017972,0.040066732707137835,0.3533579111099243,0.23138253390789032,0.40342960288808666,none,,,,0.023952095808383235,0.07905982905982906,0.09906542056074766,0.14285714285714285,0.17065868263473055,0.6435551163812033,0.8834556984308284,0.8708233132329518,0.8260090557182233,0.8050431669017972
deg_0034,proxy_decision_fusion,audio,gain_shift,mild,0.25,0.75,0.7859281437125748,0.7398196794646764,0.08000778447011274,0.41197237372398376,0.27461129426956177,0.3980952380952381,none,,,,0.05688622754491018,0.10897435897435898,0.14205607476635515,0.19933554817275748,0.21407185628742514,0.606990326029143,0.8353462821654632,0.8027370557826669,0.7481632790131943,0.7398196794646764
deg_0034,proxy_quality_fusion,audio,gain_shift,mild,0.25,0.75,0.8008982035928144,0.7779364668253557,0.010585835504674639,0.3612619638442993,0.2464098185300827,0.4,none,,,,0.017964071856287425,0.08974358974358974,0.14205607476635515,0.1760797342192691,0.19910179640718562,0.651075487012987,0.8603059163059162,0.8136650440287764,0.7897758794056968,0.7779364668253557
deg_0034,quality_fusion,audio,gain_shift,mild,0.25,0.75,0.8308383233532934,0.8059066088625607,0.04001094383037021,0.35077378153800964,0.22870051860809326,0.4036036036036036,none,,,,0.020958083832335328,0.07905982905982906,0.10093457943925234,0.1345514950166113,0.1691616766467066,0.64586145159069,0.8834556984308284,0.868174252115346,0.8355018180376504,0.8059066088625607
deg_0034,quality_regularized_attention_fusion,audio,gain_shift,mild,0.25,0.75,0.7934131736526946,0.7675641081505044,0.03950305390143826,0.3719683885574341,0.24759989976882935,0.3990566037735849,none,,,,0.029940119760479042,0.0811965811965812,0.12149532710280374,0.1744186046511628,0.20658682634730538,0.6370364053290882,0.8825612157794986,0.8413215013504568,0.7900926906515995,0.7675641081505044
deg_0034,posthoc_proxy_fusion,audio,gain_shift,mild,0.25,0.75,0.7919161676646707,0.766409286930939,0.037340894609154365,0.3680596351623535,0.24494703114032745,0.39886578449905485,none,,,,0.020958083832335328,0.07264957264957266,0.11775700934579439,0.15780730897009967,0.20808383233532934,0.6464844378826138,0.8966486338749112,0.8475111826321968,0.8113400332869359,0.766409286930939
deg_0035,attention_fusion,audio,gain_shift,moderate,0.5,0.5,0.8353293413173652,0.8133573944192882,0.03663996825675051,0.34880876541137695,0.22863219678401947,0.40412186379928317,none,,,,0.023952095808383235,0.0811965811965812,0.102803738317757,0.1345514950166113,0.16467065868263472,0.6441804398243636,0.8796351538119986,0.8665061495250175,0.8373146246179363,0.8133573944192882
deg_0035,confidence_decision_fusion,audio,gain_shift,moderate,0.5,0.5,0.8173652694610778,0.7839189205757148,0.03427798666818412,0.3872823715209961,0.25014230608940125,0.40201465201465203,none,,,,0.041916167664670656,0.09401709401709402,0.13457943925233645,0.1511627906976744,0.18263473053892215,0.6282439782439783,0.8560733804277952,0.8121026816506319,0.8009871924765543,0.7839189205757148
deg_0035,fixed_fusion,audio,gain_shift,moderate,0.5,0.5,0.8293413173652695,0.8050431669017972,0.040066818634193105,0.3533582091331482,0.231382817029953,0.40342960288808666,none,,,,0.023952095808383235,0.07905982905982906,0.09906542056074766,0.14285714285714285,0.17065868263473055,0.6435551163812033,0.8834556984308284,0.8708233132329518,0.8260090557182233,0.8050431669017972
deg_0035,proxy_decision_fusion,audio,gain_shift,moderate,0.5,0.5,0.7544910179640718,0.7181041312307322,0.06283026465220365,0.4427647888660431,0.3006429374217987,0.39384920634920634,none,,,,0.06287425149700598,0.14743589743589744,0.18317757009345795,0.2059800664451827,0.24550898203592814,0.5978460311128839,0.7970350766162285,0.7607156810371635,0.7453819505186022,0.7181041312307322
deg_0035,proxy_quality_fusion,audio,gain_shift,moderate,0.5,0.5,0.7679640718562875,0.731353257247234,0.07170074919383679,0.4202999770641327,0.29334065318107605,0.3957115009746589,none,,,,0.017964071856287425,0.17735042735042736,0.2,0.21428571428571427,0.23203592814371257,0.655215166475057,0.6241494222294498,0.6862125778581475,0.7236573995969816,0.731353257247234
deg_0035,quality_fusion,audio,gain_shift,moderate,0.5,0.5,0.8308383233532934,0.8059066088625607,0.04001113933003594,0.35077396035194397,0.2287006676197052,0.4036036036036036,none,,,,0.020958083832335328,0.07905982905982906,0.10093457943925234,0.1345514950166113,0.1691616766467066,0.64586145159069,0.8834556984308284,0.868174252115346,0.8355018180376504,0.8059066088625607
deg_0035,quality_regularized_attention_fusion,audio,gain_shift,moderate,0.5,0.5,0.7934131736526946,0.7675641081505044,0.039503082365332995,0.3719685673713684,0.24760007858276367,0.3990566037735849,none,,,,0.029940119760479042,0.0811965811965812,0.12149532710280374,0.1744186046511628,0.20658682634730538,0.6370364053290882,0.8825612157794986,0.8413215013504568,0.7900926906515995,0.7675641081505044
deg_0035,posthoc_proxy_fusion,audio,gain_shift,moderate,0.5,0.5,0.7664670658682635,0.736246516252775,0.03201336440390452,0.4053197503089905,0.2754964530467987,0.3955078125,none,,,,0.023952095808383235,0.13034188034188035,0.16074766355140188,0.19269102990033224,0.23353293413173654,0.6444444444444445,0.7783910091874694,0.7825565198029237,0.7666997708174179,0.736246516252775
deg_0036,attention_fusion,audio,gain_shift,severe,0.75,0.25,0.8353293413173652,0.8133573944192882,0.03664019650327946,0.34880879521369934,0.22863225638866425,0.40412186379928317,none,107,1.0,,0.023952095808383235,0.0811965811965812,0.102803738317757,0.1345514950166113,0.16467065868263472,0.6441804398243636,0.8796351538119986,0.8665061495250175,0.8373146246179363,0.8133573944192882
deg_0036,confidence_decision_fusion,audio,gain_shift,severe,0.75,0.25,0.8173652694610778,0.7839189205757148,0.034279136377537316,0.38728219270706177,0.2501421570777893,0.40201465201465203,none,107,1.0,,0.041916167664670656,0.09401709401709402,0.13457943925233645,0.1511627906976744,0.18263473053892215,0.6282439782439783,0.8560733804277952,0.8121026816506319,0.8009871924765543,0.7839189205757148
deg_0036,fixed_fusion,audio,gain_shift,severe,0.75,0.25,0.8293413173652695,0.8050431669017972,0.04006706392336749,0.3533586859703064,0.2313832938671112,0.40342960288808666,none,107,1.0,,0.023952095808383235,0.07905982905982906,0.09906542056074766,0.14285714285714285,0.17065868263473055,0.6435551163812033,0.8834556984308284,0.8708233132329518,0.8260090557182233,0.8050431669017972
deg_0036,proxy_decision_fusion,audio,gain_shift,severe,0.75,0.25,0.6811377245508982,0.6211603718643065,0.0688632810544111,0.5053594708442688,0.3503362536430359,0.3824175824175824,none,107,1.0,,0.10479041916167664,0.22435897435897437,0.2560747663551402,0.2857142857142857,0.3188622754491018,0.5390806333439598,0.5261339397465052,0.6051022530175924,0.6281838962769425,0.6211603718643065
deg_0036,proxy_quality_fusion,audio,gain_shift,severe,0.75,0.25,0.5269461077844312,0.43886131380035115,0.24855397739810148,0.788893461227417,0.544369101524353,0.36302502876869963,none,107,0.4880382775119617,,0.27844311377245506,0.36752136752136755,0.405607476635514,0.4418604651162791,0.47305389221556887,0.5332998862070596,0.48989453749959183,0.4730040820791257,0.4539775476497477,0.43886131380035115
deg_0036,quality_fusion,audio,gain_shift,severe,0.75,0.25,0.8308383233532934,0.8059066088625607,0.0400114513621359,0.35077419877052307,0.22870095074176788,0.4036036036036036,none,107,1.0,,0.020958083832335328,0.07905982905982906,0.10093457943925234,0.1345514950166113,0.1691616766467066,0.64586145159069,0.8834556984308284,0.868174252115346,0.8355018180376504,0.8059066088625607
deg_0036,quality_regularized_attention_fusion,audio,gain_shift,severe,0.75,0.25,0.7934131736526946,0.7675641081505044,0.03950322655860539,0.3719688057899475,0.24760034680366516,0.3990566037735849,none,107,1.0,,0.029940119760479042,0.0811965811965812,0.12149532710280374,0.1744186046511628,0.20658682634730538,0.6370364053290882,0.8825612157794986,0.8413215013504568,0.7900926906515995,0.7675641081505044
deg_0036,posthoc_proxy_fusion,audio,gain_shift,severe,0.75,0.25,0.6931137724550899,0.611172660445718,0.11567261770456848,0.5260368585586548,0.35410165786743164,0.3879681820576305,none,107,0.49765258215962443,,0.041916167664670656,0.202991452991453,0.2411214953271028,0.2724252491694352,0.3068862275449102,0.6312288851351351,0.5599714972833348,0.5638766490379393,0.6005771363010086,0.611172660445718
deg_0037,attention_fusion,audio,frame_drop,clean,0.0,1.0,0.8353293413173652,0.8133573944192882,0.036639691559140555,0.34880876541137695,0.2286321222782135,0.40412186379928317,none,,,,0.023952095808383235,0.0811965811965812,0.102803738317757,0.1345514950166113,0.16467065868263472,0.6441804398243636,0.8796351538119986,0.8665061495250175,0.8373146246179363,0.8133573944192882
deg_0037,confidence_decision_fusion,audio,frame_drop,clean,0.0,1.0,0.8173652694610778,0.7839189205757148,0.0342768498969649,0.3872825503349304,0.2501424551010132,0.40201465201465203,none,,,,0.041916167664670656,0.09401709401709402,0.13457943925233645,0.1511627906976744,0.18263473053892215,0.6282439782439783,0.8560733804277952,0.8121026816506319,0.8009871924765543,0.7839189205757148
deg_0037,fixed_fusion,audio,frame_drop,clean,0.0,1.0,0.8293413173652695,0.8050431669017972,0.04006658940615054,0.35335773229599,0.2313823401927948,0.40342960288808666,none,,,,0.023952095808383235,0.07905982905982906,0.09906542056074766,0.14285714285714285,0.17065868263473055,0.6435551163812033,0.8834556984308284,0.8708233132329518,0.8260090557182233,0.8050431669017972
deg_0037,proxy_decision_fusion,audio,frame_drop,clean,0.0,1.0,0.8083832335329342,0.7692900514710898,0.03230336817081819,0.395290344953537,0.26040974259376526,0.4009259259259259,none,,,,0.05389221556886228,0.09829059829059829,0.1308411214953271,0.1744186046511628,0.19161676646706588,0.6108809374346097,0.8486104014684756,0.814938831904097,0.7729282777617561,0.7692900514710898
deg_0037,proxy_quality_fusion,audio,frame_drop,clean,0.0,1.0,0.8158682634730539,0.7911671642717835,0.02904914881654841,0.3505060374736786,0.23184286057949066,0.40183486238532107,none,,,,0.020958083832335328,0.06837606837606838,0.10654205607476636,0.14119601328903655,0.18413173652694612,0.6464844378826138,0.9009681815922547,0.8611447934430658,0.8288073883814969,0.7911671642717835
deg_0037,quality_fusion,audio,frame_drop,clean,0.0,1.0,0.8308383233532934,0.8059066088625607,0.040010846214380114,0.3507736921310425,0.2287003993988037,0.4036036036036036,none,,,,0.020958083832335328,0.07905982905982906,0.10093457943925234,0.1345514950166113,0.1691616766467066,0.64586145159069,0.8834556984308284,0.868174252115346,0.8355018180376504,0.8059066088625607
deg_0037,quality_regularized_attention_fusion,audio,frame_drop,clean,0.0,1.0,0.7934131736526946,0.7675641081505044,0.03950298831848331,0.3719682991504669,0.2475997507572174,0.3990566037735849,none,,,,0.029940119760479042,0.0811965811965812,0.12149532710280374,0.1744186046511628,0.20658682634730538,0.6370364053290882,0.8825612157794986,0.8413215013504568,0.7900926906515995,0.7675641081505044
deg_0037,posthoc_proxy_fusion,audio,frame_drop,clean,0.0,1.0,0.8293413173652695,0.8050431669017972,0.04010354169828447,0.3530867397785187,0.23122945427894592,0.40342960288808666,none,,,,0.023952095808383235,0.07905982905982906,0.09906542056074766,0.14285714285714285,0.17065868263473055,0.6432852386237514,0.8834556984308284,0.8708233132329518,0.8260090557182233,0.8050431669017972
deg_0038,attention_fusion,audio,frame_drop,mild,0.25,0.75,0.7170658682634731,0.7108909919193608,0.051800282861658185,0.6235403418540955,0.3666485548019409,0.690150335244281,none,25,0.0,,0.10179640718562874,0.1752136752136752,0.20373831775700935,0.24750830564784054,0.28293413173652693,0.8702369315272541,0.8001396375583961,0.7781425760036133,0.7395429715380919,0.7108909919193608
deg_0038,confidence_decision_fusion,audio,frame_drop,mild,0.25,0.75,0.7649700598802395,0.7351646756909677,0.055540119548757635,0.4961836636066437,0.3083396553993225,0.5740773056452317,none,25,1.0,,0.07784431137724551,0.12393162393162394,0.18317757009345795,0.22259136212624583,0.23502994011976047,0.5884674020267241,0.8200386958946971,0.7607821467090984,0.7319270230694669,0.7351646756909677
deg_0038,fixed_fusion,audio,frame_drop,mild,0.25,0.75,0.7020958083832335,0.6886022722071363,0.08527338054187282,0.5660734176635742,0.3617720901966095,0.6800473583268153,none,25,0.1111111111111111,,0.10479041916167664,0.19017094017094016,0.21869158878504674,0.2591362126245847,0.29790419161676646,0.607658097407528,0.7606767703298195,0.7552873918173107,0.7227728001984671,0.6886022722071363
deg_0038,proxy_decision_fusion,audio,frame_drop,mild,0.25,0.75,0.7395209580838323,0.7033588449221083,0.0717997445228571,0.5267574191093445,0.3262336254119873,0.5442202987575038,none,25,1.0,,0.08982035928143713,0.1623931623931624,0.2,0.24086378737541528,0.26047904191616766,0.5653600222407562,0.756342377655688,0.7379479132125343,0.7103062140131583,0.7033588449221083
deg_0038,proxy_quality_fusion,audio,frame_drop,mild,0.25,0.75,0.6766467065868264,0.6666231779507094,0.1298235316654879,0.881681501865387,0.4534936845302582,0.6766070550639135,none,25,0.0,,0.1437125748502994,0.25,0.27476635514018694,0.30564784053156147,0.32335329341317365,0.5660170420990466,0.6616653837316236,0.6877849286133632,0.6738224637681159,0.6666231779507094
deg_0038,quality_fusion,audio,frame_drop,mild,0.25,0.75,0.7050898203592815,0.6907369330593899,0.07781717020594432,0.5535265803337097,0.3520226776599884,0.6838188539342795,none,25,0.1111111111111111,,0.10778443113772455,0.17735042735042736,0.20373831775700935,0.25083056478405313,0.2949101796407186,0.603688112016107,0.7794443031108204,0.7710454292676342,0.7311371324486079,0.6907369330593899
deg_0038,quality_regularized_attention_fusion,audio,frame_drop,mild,0.25,0.75,0.688622754491018,0.6805431328440387,0.08802164461976757,0.6987718343734741,0.39761826395988464,0.6405570652173913,none,25,0.0,,0.1467065868263473,0.202991452991453,0.2485981308411215,0.27740863787375414,0.31137724550898205,0.6274644673723108,0.7699494007233376,0.7284741045540731,0.7081986321736545,0.6805431328440387
deg_0038,posthoc_proxy_fusion,audio,frame_drop,mild,0.25,0.75,0.6796407185628742,0.6638055660151408,0.10231488189119065,0.576482892036438,0.3713434040546417,0.6535057021697064,none,25,0.1111111111111111,,0.10479041916167664,0.19444444444444445,0.23738317757009345,0.27740863787375414,0.3203592814371258,0.607658097407528,0.7552779143837817,0.7305348662435379,0.7018912919675908,0.6638055660151408
deg_0039,attention_fusion,audio,frame_drop,moderate,0.5,0.5,0.5449101796407185,0.5487467453274509,0.16409687653273167,1.0049883127212524,0.5706465244293213,0.7227624349334876,none,56,0.0,,0.3143712574850299,0.35683760683760685,0.3981308411214953,0.43023255813953487,0.4550898203592814,0.6489225409432606,0.6392647448050861,0.6013745458689571,0.5735638320607721,0.5487467453274509
deg_0039,confidence_decision_fusion,audio,frame_drop,moderate,0.5,0.5,0.7050898203592815,0.6675484465217969,0.08666308166202669,0.5664564371109009,0.3589667081832886,0.5166725942211732,none,56,0.48623853211009177,,0.11976047904191617,0.16880341880341881,0.2336448598130841,0.2823920265780731,0.2949101796407186,0.5429292929292929,0.752207617188207,0.6909779802147437,0.6598562219000176,0.6675484465217969
deg_0039,fixed_fusion,audio,frame_drop,moderate,0.5,0.5,0.5763473053892215,0.5636530667758665,0.18326280957567478,0.8212224245071411,0.5087815523147583,0.6660134918085449,none,56,0.1552511415525114,,0.2125748502994012,0.33547008547008544,0.3532710280373832,0.38870431893687707,0.4236526946107784,0.5617489821207293,0.6077469397363465,0.6259233065684678,0.6005602441437593,0.5636530667758665
deg_0039,proxy_decision_fusion,audio,frame_drop,moderate,0.5,0.5,0.6706586826347305,0.6241174997363704,0.10201111128051837,0.610485851764679,0.38095155358314514,0.4723163555194805,none,56,0.4954954954954955,,0.12574850299401197,0.23931623931623933,0.29345794392523367,0.3122923588039867,0.32934131736526945,0.5216521931201247,0.532399951623029,0.5683353600842147,0.6121482176360226,0.6241174997363704
deg_0039,proxy_quality_fusion,audio,frame_drop,moderate,0.5,0.5,0.49550898203592814,0.46513426293389254,0.2984213296792464,1.562600016593933,0.739713191986084,0.7097815270693071,none,56,0.0,,0.39520958083832336,0.4700854700854701,0.4953271028037383,0.5049833887043189,0.5044910179640718,0.4379217273954115,0.41192810457516343,0.40863414507692813,0.4332052662114518,0.46513426293389254
deg_0039,quality_fusion,audio,frame_drop,moderate,0.5,0.5,0.5853293413173652,0.5718972981245732,0.16492097387592233,0.8039857745170593,0.4946427047252655,0.667556113639931,none,56,0.16216216216216217,,0.2125748502994012,0.31837606837606836,0.34579439252336447,0.38704318936877075,0.41467065868263475,0.5849322961682512,0.633352260247423,0.6340273522790352,0.6011822276455047,0.5718972981245732
deg_0039,quality_regularized_attention_fusion,audio,frame_drop,moderate,0.5,0.5,0.5449101796407185,0.5471648030092211,0.18599253660904433,1.1378570795059204,0.6080691814422607,0.6978744939271255,none,56,0.0,,0.32335329341317365,0.4081196581196581,0.41495327102803736,0.43853820598006643,0.4550898203592814,0.6353469396947657,0.5832272907067125,0.5855088448606006,0.5634791088775135,0.5471648030092211
deg_0039,posthoc_proxy_fusion,audio,frame_drop,moderate,0.5,0.5,0.5538922155688623,0.5233919950826881,0.1994871405695013,0.8454524278640747,0.5307425260543823,0.6374523852711773,none,56,0.1552511415525114,,0.2215568862275449,0.37393162393162394,0.39065420560747666,0.4169435215946844,0.44610778443113774,0.5567007370026658,0.5207622916075081,0.5589673896831712,0.5511020214627127,0.5233919950826881
deg_0040,attention_fusion,audio,frame_drop,severe,0.75,0.25,0.4221556886227545,0.41245780319384284,0.2271006151944577,1.3115007877349854,0.7217940092086792,0.671641311138059,none,107,0.13032581453634084,,0.47005988023952094,0.5170940170940171,0.5551401869158878,0.5647840531561462,0.5778443113772455,0.5311494246788117,0.4799121019040129,0.4415214001513779,0.4295407474070721,0.41245780319384284
deg_0040,confidence_decision_fusion,audio,frame_drop,severe,0.75,0.25,0.6721556886227545,0.6162053398378345,0.12241606405395235,0.654209554195404,0.40029871463775635,0.4517191933367911,none,107,0.4928909952606635,,0.1467065868263473,0.20726495726495728,0.2691588785046729,0.3222591362126246,0.3278443113772455,0.5335655414025637,0.6709262602804816,0.6217926725479886,0.5929474513066603,0.6162053398378345
deg_0040,fixed_fusion,audio,frame_drop,severe,0.75,0.25,0.4940119760479042,0.4742090486320685,0.23932558887019129,1.0304932594299316,0.6314422488212585,0.591070467993545,none,107,0.22633744855967078,,0.3532934131736527,0.46153846153846156,0.4691588785046729,0.49169435215946844,0.5059880239520959,0.5091241478683489,0.4961947094926835,0.5071144284625527,0.49305937930629823,0.4742090486320685
deg_0040,proxy_decision_fusion,audio,frame_drop,severe,0.75,0.25,0.6212574850299402,0.5187341394237945,0.15579408996119468,0.7157999277114868,0.4253850281238556,0.38232772989189956,none,107,0.4928909952606635,,0.1497005988023952,0.23717948717948717,0.30280373831775703,0.3588039867109635,0.3787425149700599,0.48572899120344376,0.5180687957489364,0.4993339993339993,0.4839097424037247,0.5187341394237945
deg_0040,proxy_quality_fusion,audio,frame_drop,severe,0.75,0.25,0.3188622754491018,0.22103932397365092,0.46782370812878643,2.182837724685669,0.9955068826675415,0.572419130165609,none,107,0.183206106870229,,0.6287425149700598,0.6367521367521367,0.6485981308411215,0.6561461794019934,0.6811377245508982,0.2581038195625071,0.2532420091324201,0.240968240968241,0.2336864853468269,0.22103932397365092
deg_0040,quality_fusion,audio,frame_drop,severe,0.75,0.25,0.49850299401197606,0.47969184332151665,0.2159195925125819,1.0087321996688843,0.6131724119186401,0.5981623414459236,none,107,0.2236024844720497,,0.3323353293413174,0.4423076923076923,0.4691588785046729,0.4883720930232558,0.5014970059880239,0.5576560464739378,0.5236661624608416,0.5061597124905942,0.49641061915424656,0.47969184332151665
deg_0040,quality_regularized_attention_fusion,audio,frame_drop,severe,0.75,0.25,0.42664670658682635,0.41735712895121396,0.25423184411968297,1.5019563436508179,0.7682551741600037,0.6476111950895516,none,107,0.13032581453634084,,0.5299401197604791,0.5683760683760684,0.5532710280373832,0.5598006644518272,0.5733532934131736,0.4484843697505725,0.43167545263557794,0.4436072049313895,0.43143622708311424,0.41735712895121396
deg_0040,posthoc_proxy_fusion,audio,frame_drop,severe,0.75,0.25,0.45808383233532934,0.3984200950538023,0.2763160802647025,1.0794605016708374,0.6678009033203125,0.5388455566388617,none,107,0.2236024844720497,,0.36227544910179643,0.5021367521367521,0.5121495327102804,0.5282392026578073,0.5419161676646707,0.4911404106450546,0.4184118736619278,0.4132806154953483,0.41489933032052306,0.3984200950538023
deg_0041,attention_fusion,audio,resampling_mismatch,clean,0.0,1.0,0.8353293413173652,0.8133573944192882,0.036639691559140555,0.34880876541137695,0.2286321222782135,0.40412186379928317,none,,,,0.023952095808383235,0.0811965811965812,0.102803738317757,0.1345514950166113,0.16467065868263472,0.6441804398243636,0.8796351538119986,0.8665061495250175,0.8373146246179363,0.8133573944192882
deg_0041,confidence_decision_fusion,audio,resampling_mismatch,clean,0.0,1.0,0.8173652694610778,0.7839189205757148,0.0342768498969649,0.3872825503349304,0.2501424551010132,0.40201465201465203,none,,,,0.041916167664670656,0.09401709401709402,0.13457943925233645,0.1511627906976744,0.18263473053892215,0.6282439782439783,0.8560733804277952,0.8121026816506319,0.8009871924765543,0.7839189205757148
deg_0041,fixed_fusion,audio,resampling_mismatch,clean,0.0,1.0,0.8293413173652695,0.8050431669017972,0.04006658940615054,0.35335773229599,0.2313823401927948,0.40342960288808666,none,,,,0.023952095808383235,0.07905982905982906,0.09906542056074766,0.14285714285714285,0.17065868263473055,0.6435551163812033,0.8834556984308284,0.8708233132329518,0.8260090557182233,0.8050431669017972
deg_0041,proxy_decision_fusion,audio,resampling_mismatch,clean,0.0,1.0,0.8083832335329342,0.7692900514710898,0.03230336817081819,0.395290344953537,0.26040974259376526,0.4009259259259259,none,,,,0.05389221556886228,0.09829059829059829,0.1308411214953271,0.1744186046511628,0.19161676646706588,0.6108809374346097,0.8486104014684756,0.814938831904097,0.7729282777617561,0.7692900514710898
deg_0041,proxy_quality_fusion,audio,resampling_mismatch,clean,0.0,1.0,0.8158682634730539,0.7911671642717835,0.02904914881654841,0.3505060374736786,0.23184286057949066,0.40183486238532107,none,,,,0.020958083832335328,0.06837606837606838,0.10654205607476636,0.14119601328903655,0.18413173652694612,0.6464844378826138,0.9009681815922547,0.8611447934430658,0.8288073883814969,0.7911671642717835
deg_0041,quality_fusion,audio,resampling_mismatch,clean,0.0,1.0,0.8308383233532934,0.8059066088625607,0.040010846214380114,0.3507736921310425,0.2287003993988037,0.4036036036036036,none,,,,0.020958083832335328,0.07905982905982906,0.10093457943925234,0.1345514950166113,0.1691616766467066,0.64586145159069,0.8834556984308284,0.868174252115346,0.8355018180376504,0.8059066088625607
deg_0041,quality_regularized_attention_fusion,audio,resampling_mismatch,clean,0.0,1.0,0.7934131736526946,0.7675641081505044,0.03950298831848331,0.3719682991504669,0.2475997507572174,0.3990566037735849,none,,,,0.029940119760479042,0.0811965811965812,0.12149532710280374,0.1744186046511628,0.20658682634730538,0.6370364053290882,0.8825612157794986,0.8413215013504568,0.7900926906515995,0.7675641081505044
deg_0041,posthoc_proxy_fusion,audio,resampling_mismatch,clean,0.0,1.0,0.8293413173652695,0.8050431669017972,0.04010354169828447,0.3530867397785187,0.23122945427894592,0.40342960288808666,none,,,,0.023952095808383235,0.07905982905982906,0.09906542056074766,0.14285714285714285,0.17065868263473055,0.6432852386237514,0.8834556984308284,0.8708233132329518,0.8260090557182233,0.8050431669017972
deg_0042,attention_fusion,audio,resampling_mismatch,mild,0.25,0.75,0.8308383233532934,0.8070638645199054,0.03382615780759,0.3671208620071411,0.240912064909935,0.4462409311966835,none,,,,0.02694610778443114,0.10042735042735043,0.12897196261682242,0.1511627906976744,0.1691616766467066,0.9306354120595607,0.8654536888900592,0.839350772684106,0.8210799688555271,0.8070638645199054
deg_0042,confidence_decision_fusion,audio,resampling_mismatch,mild,0.25,0.75,0.8278443113772455,0.790168944407835,0.06861609336501824,0.41315123438835144,0.2613948881626129,0.41860209135938364,none,,,,0.04790419161676647,0.09615384615384616,0.15140186915887852,0.15780730897009967,0.1721556886227545,0.898335264249022,0.8554208094937442,0.7919785667462085,0.7891983189895905,0.790168944407835
deg_0042,fixed_fusion,audio,resampling_mismatch,mild,0.25,0.75,0.8293413173652695,0.8007773110508754,0.027432560920715353,0.3702148199081421,0.2406655102968216,0.4392060928494521,none,,,,0.02694610778443114,0.0876068376068376,0.12897196261682242,0.14950166112956811,0.17065868263473055,0.9296321856708331,0.8802072421505619,0.8348787343539424,0.8185499505239026,0.8007773110508754
deg_0042,proxy_decision_fusion,audio,resampling_mismatch,mild,0.25,0.75,0.7979041916167665,0.7411504836855984,0.074017764297788,0.41864150762557983,0.27421829104423523,0.4038982697519282,none,,,,0.05389221556886228,0.10042735042735043,0.14205607476635515,0.19102990033222592,0.20209580838323354,0.8299680017654198,0.8375322542810227,0.7924655242233043,0.7474080954737715,0.7411504836855984
deg_0042,proxy_quality_fusion,audio,resampling_mismatch,mild,0.25,0.75,0.7964071856287425,0.7731350701774549,0.02918824874712319,0.3885333240032196,0.25609925389289856,0.41865463290579386,none,,,,0.03293413173652695,0.09401709401709402,0.13457943925233645,0.17275747508305647,0.20359281437125748,0.9276983467322294,0.8767220034408418,0.8337731756133223,0.7989921950754265,0.7731350701774549
deg_0042,quality_fusion,audio,resampling_mismatch,mild,0.25,0.75,0.8308383233532934,0.8021006925600801,0.038729873692204125,0.3660059869289398,0.23751826584339142,0.43472853384357807,none,,,,0.02694610778443114,0.08333333333333333,0.13271028037383178,0.14950166112956811,0.1691616766467066,0.9106347523102561,0.8840536859606741,0.8299636974688247,0.818258574413929,0.8021006925600801
deg_0042,quality_regularized_attention_fusion,audio,resampling_mismatch,mild,0.25,0.75,0.7979041916167665,0.7718856408058962,0.03891919941423897,0.3821525573730469,0.25431135296821594,0.42749635188659585,none,,,,0.029940119760479042,0.09188034188034189,0.14953271028037382,0.17940199335548174,0.20209580838323354,0.9217634449108457,0.8728643267938483,0.8108457600897251,0.7867930320337936,0.7718856408058962
deg_0042,posthoc_proxy_fusion,audio,resampling_mismatch,mild,0.25,0.75,0.8038922155688623,0.778188178328285,0.029678022343955356,0.3783911168575287,0.24778327345848083,0.4324917906946991,none,,,,0.029940119760479042,0.08333333333333333,0.12897196261682242,0.15780730897009967,0.19610778443113772,0.8917682926829268,0.8861984196694017,0.835427311721968,0.8109967966106074,0.778188178328285
deg_0043,attention_fusion,audio,resampling_mismatch,moderate,0.5,0.5,0.8398203592814372,0.8077660445805703,0.028186786139082775,0.3435789942741394,0.22687269747257233,0.40463458110516937,none,,,,0.014970059880239521,0.07478632478632478,0.12897196261682242,0.132890365448505,0.1601796407185629,0.973309811827957,0.8906806346592252,0.8256159239733871,0.8270272211448683,0.8077660445805703
deg_0043,confidence_decision_fusion,audio,resampling_mismatch,moderate,0.5,0.5,0.8338323353293413,0.7970099617403021,0.06048025547744272,0.3955066204071045,0.25171542167663574,0.40394973070017953,none,,,,0.03293413173652695,0.10256410256410256,0.14392523364485982,0.15614617940199335,0.1661676646706587,0.9245627001724562,0.8454619942392428,0.801800398630704,0.791473567488323,0.7970099617403021
deg_0043,fixed_fusion,audio,resampling_mismatch,moderate,0.5,0.5,0.8368263473053892,0.7981341066021649,0.03165357198543891,0.34537193179130554,0.22730755805969238,0.40429338103756707,none,,,,0.011976047904191617,0.0811965811965812,0.12710280373831775,0.14285714285714285,0.1631736526946108,0.9776623816227777,0.8796838930939136,0.8264321230100699,0.8122001274682193,0.7981341066021649
deg_0043,proxy_decision_fusion,audio,resampling_mismatch,moderate,0.5,0.5,0.7485029940119761,0.7013855147482201,0.03473366582821943,0.43713557720184326,0.29373231530189514,0.393,none,,,,0.0688622754491018,0.13034188034188035,0.16635514018691588,0.2026578073089701,0.25149700598802394,0.5890876988997266,0.8140404785433467,0.7712315829904016,0.7387271096989282,0.7013855147482201
deg_0043,proxy_quality_fusion,audio,resampling_mismatch,moderate,0.5,0.5,0.7529940119760479,0.7366809226269181,0.034183247226797886,0.42506638169288635,0.2857222855091095,0.3976625097897464,none,,,,0.05688622754491018,0.1346153846153846,0.17196261682242991,0.2026578073089701,0.2470059880239521,0.9270636527215474,0.8379174533622292,0.8009517697264519,0.7764497915088199,0.7366809226269181
deg_0043,quality_fusion,audio,resampling_mismatch,moderate,0.5,0.5,0.8368263473053892,0.7981809460619234,0.03231102625231546,0.3440910279750824,0.22618094086647034,0.40429338103756707,none,,,,0.014970059880239521,0.07692307692307693,0.11962616822429907,0.14119601328903655,0.1631736526946108,0.9723172955922544,0.8848566701922816,0.8341311679454203,0.8129642561086006,0.7981809460619234
deg_0043,quality_regularized_attention_fusion,audio,resampling_mismatch,moderate,0.5,0.5,0.8233532934131736,0.7830402544206588,0.03981531201722379,0.3587806522846222,0.24004706740379333,0.4027272727272727,none,,,,0.017964071856287425,0.08333333333333333,0.1383177570093458,0.15448504983388706,0.17664670658682635,0.9717743387064036,0.8770189631121973,0.8108096891393228,0.8012613687989382,0.7830402544206588
deg_0043,posthoc_proxy_fusion,audio,resampling_mismatch,moderate,0.5,0.5,0.812874251497006,0.7807447065712823,0.028978141035862305,0.36669474840164185,0.24441957473754883,0.4014732965009208,none,,,,0.020958083832335328,0.08974358974358974,0.1252336448598131,0.1744186046511628,0.18712574850299402,0.9576511936743191,0.8712340552874723,0.8330171354700214,0.7844960800821883,0.7807447065712823
deg_0044,attention_fusion,audio,resampling_mismatch,severe,0.75,0.25,0.8398203592814372,0.8077660445805703,0.028186786139082775,0.3435789942741394,0.22687269747257233,0.40463458110516937,none,107,1.0,,0.014970059880239521,0.07478632478632478,0.12897196261682242,0.132890365448505,0.1601796407185629,0.973309811827957,0.8906806346592252,0.8256159239733871,0.8270272211448683,0.8077660445805703
deg_0044,confidence_decision_fusion,audio,resampling_mismatch,severe,0.75,0.25,0.8338323353293413,0.7970099617403021,0.06048025547744272,0.3955066204071045,0.25171542167663574,0.40394973070017953,none,107,1.0,,0.03293413173652695,0.10256410256410256,0.14392523364485982,0.15614617940199335,0.1661676646706587,0.9245627001724562,0.8454619942392428,0.801800398630704,0.791473567488323,0.7970099617403021
deg_0044,fixed_fusion,audio,resampling_mismatch,severe,0.75,0.25,0.8368263473053892,0.7981341066021649,0.03165357198543891,0.34537193179130554,0.22730755805969238,0.40429338103756707,none,107,1.0,,0.011976047904191617,0.0811965811965812,0.12710280373831775,0.14285714285714285,0.1631736526946108,0.9776623816227777,0.8796838930939136,0.8264321230100699,0.8122001274682193,0.7981341066021649
deg_0044,proxy_decision_fusion,audio,resampling_mismatch,severe,0.75,0.25,0.7035928143712575,0.6582655935696685,0.07963154763875611,0.4989529848098755,0.3441168963909149,0.3861702127659574,none,107,1.0,,0.10479041916167664,0.22008547008547008,0.24299065420560748,0.2691029900332226,0.2964071856287425,0.538516508670262,0.5899554200429912,0.6545590029752445,0.6630061463595083,0.6582655935696685
deg_0044,proxy_quality_fusion,audio,resampling_mismatch,severe,0.75,0.25,0.5449101796407185,0.5282953906980148,0.1831726133377252,0.8602490425109863,0.573469877243042,0.4103708791208791,none,107,0.4512820512820513,,0.4101796407185629,0.42948717948717946,0.4392523364485981,0.4485049833887043,0.4550898203592814,0.42890736004546753,0.4890319980495879,0.5102227976479473,0.52188213564081,0.5282953906980148
deg_0044,quality_fusion,audio,resampling_mismatch,severe,0.75,0.25,0.8368263473053892,0.7981809460619234,0.03231102625231546,0.3440910279750824,0.22618094086647034,0.40429338103756707,none,107,1.0,,0.014970059880239521,0.07692307692307693,0.11962616822429907,0.14119601328903655,0.1631736526946108,0.9723172955922544,0.8848566701922816,0.8341311679454203,0.8129642561086006,0.7981809460619234
deg_0044,quality_regularized_attention_fusion,audio,resampling_mismatch,severe,0.75,0.25,0.8233532934131736,0.7830402544206588,0.03981531201722379,0.3587806522846222,0.24004706740379333,0.4027272727272727,none,107,1.0,,0.017964071856287425,0.08333333333333333,0.1383177570093458,0.15448504983388706,0.17664670658682635,0.9717743387064036,0.8770189631121973,0.8108096891393228,0.8012613687989382,0.7830402544206588
deg_0044,posthoc_proxy_fusion,audio,resampling_mismatch,severe,0.75,0.25,0.7514970059880239,0.7244674592384709,0.021171842461931493,0.4647922217845917,0.3076273202896118,0.3974343589497432,none,107,0.49765258215962443,,0.0688622754491018,0.15384615384615385,0.18504672897196262,0.21926910299003322,0.24850299401197604,0.7506362492034219,0.7737521107733873,0.761519370497815,0.7397777532065458,0.7244674592384709
deg_0045,attention_fusion,multi,conflict,moderate,0.5,0.5,0.3652694610778443,0.3565745020404643,0.45234949445117734,3.500927686691284,1.0502681732177734,0.5,conflict,,,Cross-modal benchmark slice; define exact implementation per dataset.,0.5988023952095808,0.6175213675213675,0.6317757009345795,0.6312292358803987,0.6347305389221557,0.28171431280519604,0.3459207459207459,0.3449737380406967,0.35383233427980515,0.3565745020404643
deg_0045,confidence_decision_fusion,multi,conflict,moderate,0.5,0.5,0.3712574850299401,0.3453022550868852,0.29905377596081373,2.3155744075775146,0.878502368927002,0.5,conflict,,,Cross-modal benchmark slice; define exact implementation per dataset.,0.6137724550898204,0.6239316239316239,0.6074766355140186,0.6196013289036545,0.6287425149700598,0.3734281003116619,0.3482790099498774,0.36781786344713835,0.3568760461893599,0.3453022550868852
deg_0045,fixed_fusion,multi,conflict,moderate,0.5,0.5,0.36377245508982037,0.3538276513234249,0.44677437136987014,3.4556102752685547,1.0445811748504639,0.5,conflict,,,Cross-modal benchmark slice; define exact implementation per dataset.,0.6047904191616766,0.6153846153846154,0.6224299065420561,0.632890365448505,0.6362275449101796,0.27913008778930565,0.3514918770123135,0.3568936881702074,0.3514369166933052,0.3538276513234249
deg_0045,proxy_decision_fusion,multi,conflict,moderate,0.5,0.5,0.3772455089820359,0.34797564796986324,0.26843988940030516,2.4469659328460693,0.8776164650917053,0.5,conflict,,,Cross-modal benchmark slice; define exact implementation per dataset.,0.6407185628742516,0.6346153846153846,0.6355140186915887,0.6295681063122923,0.6227544910179641,0.3453712505934143,0.35382669494497776,0.34570272320557344,0.34399117964842246,0.34797564796986324
deg_0045,proxy_quality_fusion,multi,conflict,moderate,0.5,0.5,0.3652694610778443,0.35646576398898017,0.44313869830555547,3.495534658432007,1.0438079833984375,0.5,conflict,,,Cross-modal benchmark slice; define exact implementation per dataset.,0.6017964071856288,0.6153846153846154,0.6317757009345795,0.632890365448505,0.6347305389221557,0.280936996693065,0.3500336137361544,0.3458133805336616,0.3528966179451616,0.35646576398898017
deg_0045,quality_fusion,multi,conflict,moderate,0.5,0.5,0.3652694610778443,0.35523057251493856,0.44475039125916493,3.4193108081817627,1.0444207191467285,0.5,conflict,,,Cross-modal benchmark slice; define exact implementation per dataset.,0.6107784431137725,0.6217948717948718,0.6242990654205608,0.6345514950166113,0.6347305389221557,0.27642345882933683,0.34403254513094333,0.3547452628327539,0.34912313983564863,0.35523057251493856
deg_0045,quality_regularized_attention_fusion,multi,conflict,moderate,0.5,0.5,0.35778443113772457,0.34987745098039214,0.45605214457668947,3.5041344165802,1.049155354499817,0.5,conflict,,,Cross-modal benchmark slice; define exact implementation per dataset.,0.6047904191616766,0.6132478632478633,0.6392523364485981,0.6395348837209303,0.6422155688622755,0.27913008778930565,0.35274912407809483,0.3363887560444232,0.34594916292980477,0.34987745098039214
deg_0045,posthoc_proxy_fusion,multi,conflict,moderate,0.5,0.5,0.36377245508982037,0.3538276513234249,0.44677437136987014,3.4556102752685547,1.0445811748504639,0.5,conflict,,,Cross-modal benchmark slice; define exact implementation per dataset.,0.6047904191616766,0.6153846153846154,0.6224299065420561,0.632890365448505,0.6362275449101796,0.27913008778930565,0.3514918770123135,0.3568936881702074,0.3514369166933052,0.3538276513234249
deg_0046,attention_fusion,multi,delay,moderate,0.5,0.5,0.19311377245508982,0.18919390600622477,0.6220610775276573,4.779836177825928,1.3029794692993164,0.5,delay,,,Cross-modal benchmark slice; define exact implementation per dataset.,0.7994011976047904,0.8034188034188035,0.8,0.8039867109634552,0.8068862275449101,0.14456261551980124,0.17438743867194573,0.18773640794215105,0.18938526155021,0.18919390600622477
deg_0046,confidence_decision_fusion,multi,delay,moderate,0.5,0.5,0.20209580838323354,0.1953543749276119,0.580992630365009,3.9545693397521973,1.229612112045288,0.5,delay,,,Cross-modal benchmark slice; define exact implementation per dataset.,0.7904191616766467,0.7991452991452992,0.8037383177570093,0.8073089700996677,0.7979041916167665,0.173017978190392,0.18788164361351778,0.18902032090400592,0.18638287073058546,0.1953543749276119
deg_0046,fixed_fusion,multi,delay,moderate,0.5,0.5,0.19161676646706588,0.187881064834693,0.6194495416865378,4.906054973602295,1.2965261936187744,0.5,delay,,,Cross-modal benchmark slice; define exact implementation per dataset.,0.8083832335329342,0.811965811965812,0.805607476635514,0.8089700996677741,0.8083832335329342,0.1272925953004253,0.1645973004380084,0.18084528552574575,0.18216621858713877,0.187881064834693
deg_0046,proxy_decision_fusion,multi,delay,moderate,0.5,0.5,0.20808383233532934,0.19791499666830611,0.5751327475209436,4.202081203460693,1.2210474014282227,0.5,delay,,,Cross-modal benchmark slice; define exact implementation per dataset.,0.781437125748503,0.782051282051282,0.7869158878504673,0.7956810631229236,0.7919161676646707,0.17788581401146844,0.20205566835171743,0.20171852781464247,0.1948974798965859,0.19791499666830611
deg_0046,proxy_quality_fusion,multi,delay,moderate,0.5,0.5,0.20958083832335328,0.207803504273266,0.6009612254753798,4.885074138641357,1.2909798622131348,0.5,delay,,,Cross-modal benchmark slice; define exact implementation per dataset.,0.8053892215568862,0.8034188034188035,0.7981308411214953,0.8039867109634552,0.7904191616766467,0.13729805737692388,0.17491243531511988,0.1899696889242887,0.1875856606385756,0.207803504273266
deg_0046,quality_fusion,multi,delay,moderate,0.5,0.5,0.19461077844311378,0.18967380392935543,0.6181270439110831,4.88256311416626,1.2988274097442627,0.5,delay,,,Cross-modal benchmark slice; define exact implementation per dataset.,0.8083832335329342,0.8141025641025641,0.805607476635514,0.8089700996677741,0.8053892215568862,0.1272925953004253,0.1615669974077054,0.18078822185016877,0.1820523634513553,0.18967380392935543
deg_0046,quality_regularized_attention_fusion,multi,delay,moderate,0.5,0.5,0.2275449101796407,0.2278002409828006,0.5840102716120418,4.942803382873535,1.2818162441253662,0.5,delay,,,Cross-modal benchmark slice; define exact implementation per dataset.,0.7964071856287425,0.8012820512820513,0.794392523364486,0.7807308970099668,0.7724550898203593,0.14750606843630099,0.17553288193612682,0.19498299976675723,0.21670979140796723,0.2278002409828006
deg_0046,posthoc_proxy_fusion,multi,delay,moderate,0.5,0.5,0.19161676646706588,0.187881064834693,0.6194495416865378,4.906054973602295,1.2965261936187744,0.5,delay,,,Cross-modal benchmark slice; define exact implementation per dataset.,0.8083832335329342,0.811965811965812,0.805607476635514,0.8089700996677741,0.8083832335329342,0.1272925953004253,0.1645973004380084,0.18084528552574575,0.18216621858713877,0.187881064834693
